Loan_ID,Gender,Married,Dependents,Education,Self_Employed,ApplicantIncome,CoapplicantIncome,LoanAmount,Loan_Amount_Term,Credit_History,Property_Area,Loan_Status,TotalIncome,EMI,BalanceIncome
LP001002,Male,No,0,Graduate,No,5849.0,0.0,128.0,360.0,1.0,Urban,Y,5849.0,0.35555555555555557,5493.444444444444
LP001003,Male,Yes,1,Graduate,No,4583.0,1508.0,128.0,360.0,1.0,Rural,N,6091.0,0.35555555555555557,5735.444444444444
LP001005,Male,Yes,0,Graduate,Yes,3000.0,0.0,66.0,360.0,1.0,Urban,Y,3000.0,0.18333333333333332,2816.6666666666665
LP001006,Male,Yes,0,Not Graduate,No,2583.0,2358.0,120.0,360.0,1.0,Urban,Y,4941.0,0.3333333333333333,4607.666666666667
LP001008,Male,No,0,Graduate,No,6000.0,0.0,141.0,360.0,1.0,Urban,Y,6000.0,0.39166666666666666,5608.333333333333
LP001011,Male,Yes,2,Graduate,Yes,5417.0,4196.0,267.0,360.0,1.0,Urban,Y,9613.0,0.7416666666666667,8871.333333333334
LP001013,Male,Yes,0,Not Graduate,No,2333.0,1516.0,95.0,360.0,1.0,Urban,Y,3849.0,0.2638888888888889,3585.1111111111113
LP001014,Male,Yes,3+,Graduate,No,3036.0,2504.0,158.0,360.0,0.0,Semiurban,N,5540.0,0.4388888888888889,5101.111111111111
LP001018,Male,Yes,2,Graduate,No,4006.0,1526.0,168.0,360.0,1.0,Urban,Y,5532.0,0.4666666666666667,5065.333333333333
LP001020,Male,Yes,1,Graduate,No,12841.0,10968.0,349.0,360.0,1.0,Semiurban,N,23809.0,0.9694444444444444,22839.555555555555
LP001024,Male,Yes,2,Graduate,No,3200.0,700.0,70.0,360.0,1.0,Urban,Y,3900.0,0.19444444444444445,3705.5555555555557
LP001027,Male,Yes,2,Graduate,No,2500.0,1840.0,109.0,360.0,1.0,Urban,Y,4340.0,0.30277777777777776,4037.222222222222
LP001028,Male,Yes,2,Graduate,No,3073.0,8106.0,200.0,360.0,1.0,Urban,Y,11179.0,0.5555555555555556,10623.444444444445
LP001029,Male,No,0,Graduate,No,1853.0,2840.0,114.0,360.0,1.0,Rural,N,4693.0,0.31666666666666665,4376.333333333333
LP001030,Male,Yes,2,Graduate,No,1299.0,1086.0,17.0,120.0,1.0,Urban,Y,2385.0,0.14166666666666666,2243.3333333333335
LP001032,Male,No,0,Graduate,No,4950.0,0.0,125.0,360.0,1.0,Urban,Y,4950.0,0.3472222222222222,4602.777777777777
LP001034,Male,No,1,Not Graduate,No,3596.0,0.0,100.0,240.0,1.0,Urban,Y,3596.0,0.4166666666666667,3179.3333333333335
LP001036,Female,No,0,Graduate,No,3510.0,0.0,76.0,360.0,0.0,Urban,N,3510.0,0.2111111111111111,3298.8888888888887
LP001038,Male,Yes,0,Not Graduate,No,4887.0,0.0,133.0,360.0,1.0,Rural,N,4887.0,0.36944444444444446,4517.555555555556
LP001041,Male,Yes,0,Graduate,No,2600.0,3500.0,115.0,360.0,1.0,Urban,Y,6100.0,0.3194444444444444,5780.555555555556
LP001043,Male,Yes,0,Not Graduate,No,7660.0,0.0,104.0,360.0,0.0,Urban,N,7660.0,0.28888888888888886,7371.111111111111
LP001046,Male,Yes,1,Graduate,No,5955.0,5625.0,315.0,360.0,1.0,Urban,Y,11580.0,0.875,10705.0
LP001047,Male,Yes,0,Not Graduate,No,2600.0,1911.0,116.0,360.0,0.0,Semiurban,N,4511.0,0.32222222222222224,4188.777777777777
LP001050,Male,Yes,2,Not Graduate,No,3365.0,1917.0,112.0,360.0,0.0,Rural,N,5282.0,0.3111111111111111,4970.888888888889
LP001052,Male,Yes,1,Graduate,No,3717.0,2925.0,151.0,360.0,1.0,Semiurban,N,6642.0,0.41944444444444445,6222.555555555556
LP001066,Male,Yes,0,Graduate,Yes,9560.0,0.0,191.0,360.0,1.0,Semiurban,Y,9560.0,0.5305555555555556,9029.444444444445
LP001068,Male,Yes,0,Graduate,No,2799.0,2253.0,122.0,360.0,1.0,Semiurban,Y,5052.0,0.3388888888888889,4713.111111111111
LP001073,Male,Yes,2,Not Graduate,No,4226.0,1040.0,110.0,360.0,1.0,Urban,Y,5266.0,0.3055555555555556,4960.444444444444
LP001086,Male,No,0,Not Graduate,No,1442.0,0.0,35.0,360.0,1.0,Urban,N,1442.0,0.09722222222222222,1344.7777777777778
LP001087,Female,No,2,Graduate,No,3750.0,2083.0,120.0,360.0,1.0,Semiurban,Y,5833.0,0.3333333333333333,5499.666666666667
LP001091,Male,Yes,1,Graduate,No,4166.0,3369.0,201.0,360.0,1.0,Urban,N,7535.0,0.5583333333333333,6976.666666666667
LP001095,Male,No,0,Graduate,No,3167.0,0.0,74.0,360.0,1.0,Urban,N,3167.0,0.20555555555555555,2961.4444444444443
LP001097,Male,No,1,Graduate,Yes,4692.0,0.0,106.0,360.0,1.0,Rural,N,4692.0,0.29444444444444445,4397.555555555556
LP001098,Male,Yes,0,Graduate,No,3500.0,1667.0,114.0,360.0,1.0,Semiurban,Y,5167.0,0.31666666666666665,4850.333333333333
LP001100,Male,No,3+,Graduate,No,12500.0,3000.0,320.0,360.0,1.0,Rural,N,15500.0,0.8888888888888888,14611.111111111111
LP001106,Male,Yes,0,Graduate,No,2275.0,2067.0,128.0,360.0,1.0,Urban,Y,4342.0,0.35555555555555557,3986.4444444444443
LP001109,Male,Yes,0,Graduate,No,1828.0,1330.0,100.0,360.0,0.0,Urban,N,3158.0,0.2777777777777778,2880.222222222222
LP001112,Female,Yes,0,Graduate,No,3667.0,1459.0,144.0,360.0,1.0,Semiurban,Y,5126.0,0.4,4726.0
LP001114,Male,No,0,Graduate,No,4166.0,7210.0,184.0,360.0,1.0,Urban,Y,11376.0,0.5111111111111111,10864.888888888889
LP001116,Male,No,0,Not Graduate,No,3748.0,1668.0,110.0,360.0,1.0,Semiurban,Y,5416.0,0.3055555555555556,5110.444444444444
LP001119,Male,No,0,Graduate,No,3600.0,0.0,80.0,360.0,1.0,Urban,N,3600.0,0.2222222222222222,3377.777777777778
LP001120,Male,No,0,Graduate,No,1800.0,1213.0,47.0,360.0,1.0,Urban,Y,3013.0,0.13055555555555556,2882.4444444444443
LP001123,Male,Yes,0,Graduate,No,2400.0,0.0,75.0,360.0,1.0,Urban,Y,2400.0,0.20833333333333334,2191.6666666666665
LP001131,Male,Yes,0,Graduate,No,3941.0,2336.0,134.0,360.0,1.0,Semiurban,Y,6277.0,0.37222222222222223,5904.777777777777
LP001136,Male,Yes,0,Not Graduate,Yes,4695.0,0.0,96.0,360.0,1.0,Urban,Y,4695.0,0.26666666666666666,4428.333333333333
LP001137,Female,No,0,Graduate,No,3410.0,0.0,88.0,360.0,1.0,Urban,Y,3410.0,0.24444444444444444,3165.5555555555557
LP001138,Male,Yes,1,Graduate,No,5649.0,0.0,44.0,360.0,1.0,Urban,Y,5649.0,0.12222222222222222,5526.777777777777
LP001144,Male,Yes,0,Graduate,No,5821.0,0.0,144.0,360.0,1.0,Urban,Y,5821.0,0.4,5421.0
LP001146,Female,Yes,0,Graduate,No,2645.0,3440.0,120.0,360.0,0.0,Urban,N,6085.0,0.3333333333333333,5751.666666666667
LP001151,Female,No,0,Graduate,No,4000.0,2275.0,144.0,360.0,1.0,Semiurban,Y,6275.0,0.4,5875.0
LP001155,Female,Yes,0,Not Graduate,No,1928.0,1644.0,100.0,360.0,1.0,Semiurban,Y,3572.0,0.2777777777777778,3294.222222222222
LP001157,Female,No,0,Graduate,No,3086.0,0.0,120.0,360.0,1.0,Semiurban,Y,3086.0,0.3333333333333333,2752.6666666666665
LP001164,Female,No,0,Graduate,No,4230.0,0.0,112.0,360.0,1.0,Semiurban,N,4230.0,0.3111111111111111,3918.8888888888887
LP001179,Male,Yes,2,Graduate,No,4616.0,0.0,134.0,360.0,1.0,Urban,N,4616.0,0.37222222222222223,4243.777777777777
LP001186,Female,Yes,1,Graduate,Yes,11500.0,0.0,286.0,360.0,0.0,Urban,N,11500.0,0.7944444444444444,10705.555555555555
LP001194,Male,Yes,2,Graduate,No,2708.0,1167.0,97.0,360.0,1.0,Semiurban,Y,3875.0,0.26944444444444443,3605.5555555555557
LP001195,Male,Yes,0,Graduate,No,2132.0,1591.0,96.0,360.0,1.0,Semiurban,Y,3723.0,0.26666666666666666,3456.3333333333335
LP001197,Male,Yes,0,Graduate,No,3366.0,2200.0,135.0,360.0,1.0,Rural,N,5566.0,0.375,5191.0
LP001198,Male,Yes,1,Graduate,No,8080.0,2250.0,180.0,360.0,1.0,Urban,Y,10330.0,0.5,9830.0
LP001199,Male,Yes,2,Not Graduate,No,3357.0,2859.0,144.0,360.0,1.0,Urban,Y,6216.0,0.4,5816.0
LP001205,Male,Yes,0,Graduate,No,2500.0,3796.0,120.0,360.0,1.0,Urban,Y,6296.0,0.3333333333333333,5962.666666666667
LP001206,Male,Yes,3+,Graduate,No,3029.0,0.0,99.0,360.0,1.0,Urban,Y,3029.0,0.275,2754.0
LP001207,Male,Yes,0,Not Graduate,Yes,2609.0,3449.0,165.0,180.0,0.0,Rural,N,6058.0,0.9166666666666666,5141.333333333333
LP001213,Male,Yes,1,Graduate,No,4945.0,0.0,128.0,360.0,0.0,Rural,N,4945.0,0.35555555555555557,4589.444444444444
LP001222,Female,No,0,Graduate,No,4166.0,0.0,116.0,360.0,0.0,Semiurban,N,4166.0,0.32222222222222224,3843.777777777778
LP001225,Male,Yes,0,Graduate,No,5726.0,4595.0,258.0,360.0,1.0,Semiurban,N,10321.0,0.7166666666666667,9604.333333333334
LP001228,Male,No,0,Not Graduate,No,3200.0,2254.0,126.0,180.0,0.0,Urban,N,5454.0,0.7,4754.0
LP001233,Male,Yes,1,Graduate,No,10750.0,0.0,312.0,360.0,1.0,Urban,Y,10750.0,0.8666666666666667,9883.333333333334
LP001238,Male,Yes,3+,Not Graduate,Yes,7100.0,0.0,125.0,60.0,1.0,Urban,Y,7100.0,2.0833333333333335,5016.666666666666
LP001241,Female,No,0,Graduate,No,4300.0,0.0,136.0,360.0,0.0,Semiurban,N,4300.0,0.37777777777777777,3922.222222222222
LP001243,Male,Yes,0,Graduate,No,3208.0,3066.0,172.0,360.0,1.0,Urban,Y,6274.0,0.4777777777777778,5796.222222222223
LP001245,Male,Yes,2,Not Graduate,Yes,1875.0,1875.0,97.0,360.0,1.0,Semiurban,Y,3750.0,0.26944444444444443,3480.5555555555557
LP001248,Male,No,0,Graduate,No,3500.0,0.0,81.0,300.0,1.0,Semiurban,Y,3500.0,0.27,3230.0
LP001250,Male,Yes,3+,Not Graduate,No,4755.0,0.0,95.0,360.0,0.0,Semiurban,N,4755.0,0.2638888888888889,4491.111111111111
LP001253,Male,Yes,3+,Graduate,Yes,5266.0,1774.0,187.0,360.0,1.0,Semiurban,Y,7040.0,0.5194444444444445,6520.555555555556
LP001255,Male,No,0,Graduate,No,3750.0,0.0,113.0,480.0,1.0,Urban,N,3750.0,0.23541666666666666,3514.5833333333335
LP001256,Male,No,0,Graduate,No,3750.0,4750.0,176.0,360.0,1.0,Urban,N,8500.0,0.4888888888888889,8011.111111111111
LP001259,Male,Yes,1,Graduate,Yes,1000.0,3022.0,110.0,360.0,1.0,Urban,N,4022.0,0.3055555555555556,3716.4444444444443
LP001263,Male,Yes,3+,Graduate,No,3167.0,4000.0,180.0,300.0,0.0,Semiurban,N,7167.0,0.6,6567.0
LP001264,Male,Yes,3+,Not Graduate,Yes,3333.0,2166.0,130.0,360.0,1.0,Semiurban,Y,5499.0,0.3611111111111111,5137.888888888889
LP001265,Female,No,0,Graduate,No,3846.0,0.0,111.0,360.0,1.0,Semiurban,Y,3846.0,0.30833333333333335,3537.6666666666665
LP001266,Male,Yes,1,Graduate,Yes,2395.0,0.0,128.0,360.0,1.0,Semiurban,Y,2395.0,0.35555555555555557,2039.4444444444443
LP001267,Female,Yes,2,Graduate,No,1378.0,1881.0,167.0,360.0,1.0,Urban,N,3259.0,0.4638888888888889,2795.1111111111113
LP001273,Male,Yes,0,Graduate,No,6000.0,2250.0,265.0,360.0,1.0,Semiurban,N,8250.0,0.7361111111111112,7513.888888888889
LP001275,Male,Yes,1,Graduate,No,3988.0,0.0,50.0,240.0,1.0,Urban,Y,3988.0,0.20833333333333334,3779.6666666666665
LP001279,Male,No,0,Graduate,No,2366.0,2531.0,136.0,360.0,1.0,Semiurban,Y,4897.0,0.37777777777777777,4519.222222222223
LP001280,Male,Yes,2,Not Graduate,No,3333.0,2000.0,99.0,360.0,1.0,Semiurban,Y,5333.0,0.275,5058.0
LP001282,Male,Yes,0,Graduate,No,2500.0,2118.0,104.0,360.0,1.0,Semiurban,Y,4618.0,0.28888888888888886,4329.111111111111
LP001289,Male,No,0,Graduate,No,8566.0,0.0,210.0,360.0,1.0,Urban,Y,8566.0,0.5833333333333334,7982.666666666667
LP001310,Male,Yes,0,Graduate,No,5695.0,4167.0,175.0,360.0,1.0,Semiurban,Y,9862.0,0.4861111111111111,9375.888888888889
LP001316,Male,Yes,0,Graduate,No,2958.0,2900.0,131.0,360.0,1.0,Semiurban,Y,5858.0,0.3638888888888889,5494.111111111111
LP001318,Male,Yes,2,Graduate,No,6250.0,5654.0,188.0,180.0,1.0,Semiurban,Y,11904.0,1.0444444444444445,10859.555555555555
LP001319,Male,Yes,2,Not Graduate,No,3273.0,1820.0,81.0,360.0,1.0,Urban,Y,5093.0,0.225,4868.0
LP001322,Male,No,0,Graduate,No,4133.0,0.0,122.0,360.0,1.0,Semiurban,Y,4133.0,0.3388888888888889,3794.1111111111113
LP001325,Male,No,0,Not Graduate,No,3620.0,0.0,25.0,120.0,1.0,Semiurban,Y,3620.0,0.20833333333333334,3411.6666666666665
LP001326,Male,No,0,Graduate,No,6782.0,0.0,128.0,360.0,1.0,Urban,N,6782.0,0.35555555555555557,6426.444444444444
LP001327,Female,Yes,0,Graduate,No,2484.0,2302.0,137.0,360.0,1.0,Semiurban,Y,4786.0,0.38055555555555554,4405.444444444444
LP001333,Male,Yes,0,Graduate,No,1977.0,997.0,50.0,360.0,1.0,Semiurban,Y,2974.0,0.1388888888888889,2835.1111111111113
LP001334,Male,Yes,0,Not Graduate,No,4188.0,0.0,115.0,180.0,1.0,Semiurban,Y,4188.0,0.6388888888888888,3549.1111111111113
LP001343,Male,Yes,0,Graduate,No,1759.0,3541.0,131.0,360.0,1.0,Semiurban,Y,5300.0,0.3638888888888889,4936.111111111111
LP001345,Male,Yes,2,Not Graduate,No,4288.0,3263.0,133.0,180.0,1.0,Urban,Y,7551.0,0.7388888888888889,6812.111111111111
LP001349,Male,No,0,Graduate,No,4843.0,3806.0,151.0,360.0,1.0,Semiurban,Y,8649.0,0.41944444444444445,8229.555555555555
LP001350,Male,Yes,0,Graduate,No,13650.0,0.0,128.0,360.0,1.0,Urban,Y,13650.0,0.35555555555555557,13294.444444444445
LP001356,Male,Yes,0,Graduate,No,4652.0,3583.0,128.0,360.0,1.0,Semiurban,Y,8235.0,0.35555555555555557,7879.444444444444
LP001357,Male,Yes,0,Graduate,No,3816.0,754.0,160.0,360.0,1.0,Urban,Y,4570.0,0.4444444444444444,4125.555555555556
LP001367,Male,Yes,1,Graduate,No,3052.0,1030.0,100.0,360.0,1.0,Urban,Y,4082.0,0.2777777777777778,3804.222222222222
LP001369,Male,Yes,2,Graduate,No,11417.0,1126.0,225.0,360.0,1.0,Urban,Y,12543.0,0.625,11918.0
LP001370,Male,No,0,Not Graduate,No,7333.0,0.0,120.0,360.0,1.0,Rural,N,7333.0,0.3333333333333333,6999.666666666667
LP001379,Male,Yes,2,Graduate,No,3800.0,3600.0,216.0,360.0,0.0,Urban,N,7400.0,0.6,6800.0
LP001384,Male,Yes,3+,Not Graduate,No,2071.0,754.0,94.0,480.0,1.0,Semiurban,Y,2825.0,0.19583333333333333,2629.1666666666665
LP001385,Male,No,0,Graduate,No,5316.0,0.0,136.0,360.0,1.0,Urban,Y,5316.0,0.37777777777777777,4938.222222222223
LP001387,Female,Yes,0,Graduate,No,2929.0,2333.0,139.0,360.0,1.0,Semiurban,Y,5262.0,0.3861111111111111,4875.888888888889
LP001391,Male,Yes,0,Not Graduate,No,3572.0,4114.0,152.0,360.0,0.0,Rural,N,7686.0,0.4222222222222222,7263.777777777777
LP001392,Female,No,1,Graduate,Yes,7451.0,0.0,128.0,360.0,1.0,Semiurban,Y,7451.0,0.35555555555555557,7095.444444444444
LP001398,Male,No,0,Graduate,No,5050.0,0.0,118.0,360.0,1.0,Semiurban,Y,5050.0,0.3277777777777778,4722.222222222223
LP001401,Male,Yes,1,Graduate,No,14583.0,0.0,185.0,180.0,1.0,Rural,Y,14583.0,1.0277777777777777,13555.222222222223
LP001404,Female,Yes,0,Graduate,No,3167.0,2283.0,154.0,360.0,1.0,Semiurban,Y,5450.0,0.42777777777777776,5022.222222222223
LP001405,Male,Yes,1,Graduate,No,2214.0,1398.0,85.0,360.0,1.0,Urban,Y,3612.0,0.2361111111111111,3375.8888888888887
LP001421,Male,Yes,0,Graduate,No,5568.0,2142.0,175.0,360.0,1.0,Rural,N,7710.0,0.4861111111111111,7223.888888888889
LP001422,Female,No,0,Graduate,No,10408.0,0.0,259.0,360.0,1.0,Urban,Y,10408.0,0.7194444444444444,9688.555555555555
LP001426,Male,Yes,0,Graduate,No,5667.0,2667.0,180.0,360.0,1.0,Rural,Y,8334.0,0.5,7834.0
LP001430,Female,No,0,Graduate,No,4166.0,0.0,44.0,360.0,1.0,Semiurban,Y,4166.0,0.12222222222222222,4043.777777777778
LP001431,Female,No,0,Graduate,No,2137.0,8980.0,137.0,360.0,0.0,Semiurban,Y,11117.0,0.38055555555555554,10736.444444444445
LP001432,Male,Yes,2,Graduate,No,2957.0,0.0,81.0,360.0,1.0,Semiurban,Y,2957.0,0.225,2732.0
LP001439,Male,Yes,0,Not Graduate,No,4300.0,2014.0,194.0,360.0,1.0,Rural,Y,6314.0,0.5388888888888889,5775.111111111111
LP001443,Female,No,0,Graduate,No,3692.0,0.0,93.0,360.0,1.0,Rural,Y,3692.0,0.25833333333333336,3433.6666666666665
LP001448,Male,Yes,3+,Graduate,No,23803.0,0.0,370.0,360.0,1.0,Rural,Y,23803.0,1.0277777777777777,22775.222222222223
LP001449,Male,No,0,Graduate,No,3865.0,1640.0,128.0,360.0,1.0,Rural,Y,5505.0,0.35555555555555557,5149.444444444444
LP001451,Male,Yes,1,Graduate,Yes,10513.0,3850.0,160.0,180.0,0.0,Urban,N,14363.0,0.8888888888888888,13474.111111111111
LP001465,Male,Yes,0,Graduate,No,6080.0,2569.0,182.0,360.0,1.0,Rural,N,8649.0,0.5055555555555555,8143.444444444444
LP001469,Male,No,0,Graduate,Yes,20166.0,0.0,650.0,480.0,1.0,Urban,Y,20166.0,1.3541666666666667,18811.833333333332
LP001473,Male,No,0,Graduate,No,2014.0,1929.0,74.0,360.0,1.0,Urban,Y,3943.0,0.20555555555555555,3737.4444444444443
LP001478,Male,No,0,Graduate,No,2718.0,0.0,70.0,360.0,1.0,Semiurban,Y,2718.0,0.19444444444444445,2523.5555555555557
LP001482,Male,Yes,0,Graduate,Yes,3459.0,0.0,25.0,120.0,1.0,Semiurban,Y,3459.0,0.20833333333333334,3250.6666666666665
LP001487,Male,No,0,Graduate,No,4895.0,0.0,102.0,360.0,1.0,Semiurban,Y,4895.0,0.2833333333333333,4611.666666666667
LP001488,Male,Yes,3+,Graduate,No,4000.0,7750.0,290.0,360.0,1.0,Semiurban,N,11750.0,0.8055555555555556,10944.444444444445
LP001489,Female,Yes,0,Graduate,No,4583.0,0.0,84.0,360.0,1.0,Rural,N,4583.0,0.23333333333333334,4349.666666666667
LP001491,Male,Yes,2,Graduate,Yes,3316.0,3500.0,88.0,360.0,1.0,Urban,Y,6816.0,0.24444444444444444,6571.555555555556
LP001492,Male,No,0,Graduate,No,14999.0,0.0,242.0,360.0,0.0,Semiurban,N,14999.0,0.6722222222222223,14326.777777777777
LP001493,Male,Yes,2,Not Graduate,No,4200.0,1430.0,129.0,360.0,1.0,Rural,N,5630.0,0.35833333333333334,5271.666666666667
LP001497,Male,Yes,2,Graduate,No,5042.0,2083.0,185.0,360.0,1.0,Rural,N,7125.0,0.5138888888888888,6611.111111111111
LP001498,Male,No,0,Graduate,No,5417.0,0.0,168.0,360.0,1.0,Urban,Y,5417.0,0.4666666666666667,4950.333333333333
LP001504,Male,No,0,Graduate,Yes,6950.0,0.0,175.0,180.0,1.0,Semiurban,Y,6950.0,0.9722222222222222,5977.777777777777
LP001507,Male,Yes,0,Graduate,No,2698.0,2034.0,122.0,360.0,1.0,Semiurban,Y,4732.0,0.3388888888888889,4393.111111111111
LP001508,Male,Yes,2,Graduate,No,11757.0,0.0,187.0,180.0,1.0,Urban,Y,11757.0,1.038888888888889,10718.111111111111
LP001514,Female,Yes,0,Graduate,No,2330.0,4486.0,100.0,360.0,1.0,Semiurban,Y,6816.0,0.2777777777777778,6538.222222222223
LP001516,Female,Yes,2,Graduate,No,14866.0,0.0,70.0,360.0,1.0,Urban,Y,14866.0,0.19444444444444445,14671.555555555555
LP001518,Male,Yes,1,Graduate,No,1538.0,1425.0,30.0,360.0,1.0,Urban,Y,2963.0,0.08333333333333333,2879.6666666666665
LP001519,Female,No,0,Graduate,No,10000.0,1666.0,225.0,360.0,1.0,Rural,N,11666.0,0.625,11041.0
LP001520,Male,Yes,0,Graduate,No,4860.0,830.0,125.0,360.0,1.0,Semiurban,Y,5690.0,0.3472222222222222,5342.777777777777
LP001528,Male,No,0,Graduate,No,6277.0,0.0,118.0,360.0,0.0,Rural,N,6277.0,0.3277777777777778,5949.222222222223
LP001529,Male,Yes,0,Graduate,Yes,2577.0,3750.0,152.0,360.0,1.0,Rural,Y,6327.0,0.4222222222222222,5904.777777777777
LP001531,Male,No,0,Graduate,No,9166.0,0.0,244.0,360.0,1.0,Urban,N,9166.0,0.6777777777777778,8488.222222222223
LP001532,Male,Yes,2,Not Graduate,No,2281.0,0.0,113.0,360.0,1.0,Rural,N,2281.0,0.3138888888888889,1967.111111111111
LP001535,Male,No,0,Graduate,No,3254.0,0.0,50.0,360.0,1.0,Urban,Y,3254.0,0.1388888888888889,3115.1111111111113
LP001536,Male,Yes,3+,Graduate,No,39999.0,0.0,600.0,180.0,0.0,Semiurban,Y,39999.0,3.3333333333333335,36665.666666666664
LP001541,Male,Yes,1,Graduate,No,6000.0,0.0,160.0,360.0,1.0,Rural,Y,6000.0,0.4444444444444444,5555.555555555556
LP001543,Male,Yes,1,Graduate,No,9538.0,0.0,187.0,360.0,1.0,Urban,Y,9538.0,0.5194444444444445,9018.555555555555
LP001546,Male,No,0,Graduate,No,2980.0,2083.0,120.0,360.0,1.0,Rural,Y,5063.0,0.3333333333333333,4729.666666666667
LP001552,Male,Yes,0,Graduate,No,4583.0,5625.0,255.0,360.0,1.0,Semiurban,Y,10208.0,0.7083333333333334,9499.666666666666
LP001560,Male,Yes,0,Not Graduate,No,1863.0,1041.0,98.0,360.0,1.0,Semiurban,Y,2904.0,0.2722222222222222,2631.777777777778
LP001562,Male,Yes,0,Graduate,No,7933.0,0.0,275.0,360.0,1.0,Urban,N,7933.0,0.7638888888888888,7169.111111111111
LP001565,Male,Yes,1,Graduate,No,3089.0,1280.0,121.0,360.0,0.0,Semiurban,N,4369.0,0.33611111111111114,4032.8888888888887
LP001570,Male,Yes,2,Graduate,No,4167.0,1447.0,158.0,360.0,1.0,Rural,Y,5614.0,0.4388888888888889,5175.111111111111
LP001572,Male,Yes,0,Graduate,No,9323.0,0.0,75.0,180.0,1.0,Urban,Y,9323.0,0.4166666666666667,8906.333333333334
LP001574,Male,Yes,0,Graduate,No,3707.0,3166.0,182.0,360.0,1.0,Rural,Y,6873.0,0.5055555555555555,6367.444444444444
LP001577,Female,Yes,0,Graduate,No,4583.0,0.0,112.0,360.0,1.0,Rural,N,4583.0,0.3111111111111111,4271.888888888889
LP001578,Male,Yes,0,Graduate,No,2439.0,3333.0,129.0,360.0,1.0,Rural,Y,5772.0,0.35833333333333334,5413.666666666667
LP001579,Male,No,0,Graduate,No,2237.0,0.0,63.0,480.0,0.0,Semiurban,N,2237.0,0.13125,2105.75
LP001580,Male,Yes,2,Graduate,No,8000.0,0.0,200.0,360.0,1.0,Semiurban,Y,8000.0,0.5555555555555556,7444.444444444444
LP001581,Male,Yes,0,Not Graduate,No,1820.0,1769.0,95.0,360.0,1.0,Rural,Y,3589.0,0.2638888888888889,3325.1111111111113
LP001585,Male,Yes,3+,Graduate,No,51763.0,0.0,700.0,300.0,1.0,Urban,Y,51763.0,2.3333333333333335,49429.666666666664
LP001586,Male,Yes,3+,Not Graduate,No,3522.0,0.0,81.0,180.0,1.0,Rural,N,3522.0,0.45,3072.0
LP001594,Male,Yes,0,Graduate,No,5708.0,5625.0,187.0,360.0,1.0,Semiurban,Y,11333.0,0.5194444444444445,10813.555555555555
LP001603,Male,Yes,0,Not Graduate,Yes,4344.0,736.0,87.0,360.0,1.0,Semiurban,N,5080.0,0.24166666666666667,4838.333333333333
LP001606,Male,Yes,0,Graduate,No,3497.0,1964.0,116.0,360.0,1.0,Rural,Y,5461.0,0.32222222222222224,5138.777777777777
LP001608,Male,Yes,2,Graduate,No,2045.0,1619.0,101.0,360.0,1.0,Rural,Y,3664.0,0.28055555555555556,3383.4444444444443
LP001610,Male,Yes,3+,Graduate,No,5516.0,11300.0,495.0,360.0,0.0,Semiurban,N,16816.0,1.375,15441.0
LP001616,Male,Yes,1,Graduate,No,3750.0,0.0,116.0,360.0,1.0,Semiurban,Y,3750.0,0.32222222222222224,3427.777777777778
LP001630,Male,No,0,Not Graduate,No,2333.0,1451.0,102.0,480.0,0.0,Urban,N,3784.0,0.2125,3571.5
LP001633,Male,Yes,1,Graduate,No,6400.0,7250.0,180.0,360.0,0.0,Urban,N,13650.0,0.5,13150.0
LP001634,Male,No,0,Graduate,No,1916.0,5063.0,67.0,360.0,1.0,Rural,N,6979.0,0.18611111111111112,6792.888888888889
LP001636,Male,Yes,0,Graduate,No,4600.0,0.0,73.0,180.0,1.0,Semiurban,Y,4600.0,0.40555555555555556,4194.444444444444
LP001637,Male,Yes,1,Graduate,No,33846.0,0.0,260.0,360.0,1.0,Semiurban,N,33846.0,0.7222222222222222,33123.77777777778
LP001639,Female,Yes,0,Graduate,No,3625.0,0.0,108.0,360.0,1.0,Semiurban,Y,3625.0,0.3,3325.0
LP001640,Male,Yes,0,Graduate,Yes,39147.0,4750.0,120.0,360.0,1.0,Semiurban,Y,43897.0,0.3333333333333333,43563.666666666664
LP001641,Male,Yes,1,Graduate,Yes,2178.0,0.0,66.0,300.0,0.0,Rural,N,2178.0,0.22,1958.0
LP001643,Male,Yes,0,Graduate,No,2383.0,2138.0,58.0,360.0,1.0,Rural,Y,4521.0,0.16111111111111112,4359.888888888889
LP001644,Male,Yes,0,Graduate,Yes,674.0,5296.0,168.0,360.0,1.0,Rural,Y,5970.0,0.4666666666666667,5503.333333333333
LP001647,Male,Yes,0,Graduate,No,9328.0,0.0,188.0,180.0,1.0,Rural,Y,9328.0,1.0444444444444445,8283.555555555555
LP001653,Male,No,0,Not Graduate,No,4885.0,0.0,48.0,360.0,1.0,Rural,Y,4885.0,0.13333333333333333,4751.666666666667
LP001656,Male,No,0,Graduate,No,12000.0,0.0,164.0,360.0,1.0,Semiurban,N,12000.0,0.45555555555555555,11544.444444444445
LP001657,Male,Yes,0,Not Graduate,No,6033.0,0.0,160.0,360.0,1.0,Urban,N,6033.0,0.4444444444444444,5588.555555555556
LP001658,Male,No,0,Graduate,No,3858.0,0.0,76.0,360.0,1.0,Semiurban,Y,3858.0,0.2111111111111111,3646.8888888888887
LP001664,Male,No,0,Graduate,No,4191.0,0.0,120.0,360.0,1.0,Rural,Y,4191.0,0.3333333333333333,3857.6666666666665
LP001665,Male,Yes,1,Graduate,No,3125.0,2583.0,170.0,360.0,1.0,Semiurban,N,5708.0,0.4722222222222222,5235.777777777777
LP001666,Male,No,0,Graduate,No,8333.0,3750.0,187.0,360.0,1.0,Rural,Y,12083.0,0.5194444444444445,11563.555555555555
LP001669,Female,No,0,Not Graduate,No,1907.0,2365.0,120.0,360.0,1.0,Urban,Y,4272.0,0.3333333333333333,3938.6666666666665
LP001671,Female,Yes,0,Graduate,No,3416.0,2816.0,113.0,360.0,1.0,Semiurban,Y,6232.0,0.3138888888888889,5918.111111111111
LP001673,Male,No,0,Graduate,Yes,11000.0,0.0,83.0,360.0,1.0,Urban,N,11000.0,0.23055555555555557,10769.444444444445
LP001674,Male,Yes,1,Not Graduate,No,2600.0,2500.0,90.0,360.0,1.0,Semiurban,Y,5100.0,0.25,4850.0
LP001677,Male,No,2,Graduate,No,4923.0,0.0,166.0,360.0,0.0,Semiurban,Y,4923.0,0.46111111111111114,4461.888888888889
LP001682,Male,Yes,3+,Not Graduate,No,3992.0,0.0,128.0,180.0,1.0,Urban,N,3992.0,0.7111111111111111,3280.8888888888887
LP001688,Male,Yes,1,Not Graduate,No,3500.0,1083.0,135.0,360.0,1.0,Urban,Y,4583.0,0.375,4208.0
LP001691,Male,Yes,2,Not Graduate,No,3917.0,0.0,124.0,360.0,1.0,Semiurban,Y,3917.0,0.34444444444444444,3572.5555555555557
LP001692,Female,No,0,Not Graduate,No,4408.0,0.0,120.0,360.0,1.0,Semiurban,Y,4408.0,0.3333333333333333,4074.6666666666665
LP001693,Female,No,0,Graduate,No,3244.0,0.0,80.0,360.0,1.0,Urban,Y,3244.0,0.2222222222222222,3021.777777777778
LP001698,Male,No,0,Not Graduate,No,3975.0,2531.0,55.0,360.0,1.0,Rural,Y,6506.0,0.1527777777777778,6353.222222222223
LP001699,Male,No,0,Graduate,No,2479.0,0.0,59.0,360.0,1.0,Urban,Y,2479.0,0.1638888888888889,2315.1111111111113
LP001702,Male,No,0,Graduate,No,3418.0,0.0,127.0,360.0,1.0,Semiurban,N,3418.0,0.3527777777777778,3065.222222222222
LP001708,Female,No,0,Graduate,No,10000.0,0.0,214.0,360.0,1.0,Semiurban,N,10000.0,0.5944444444444444,9405.555555555555
LP001711,Male,Yes,3+,Graduate,No,3430.0,1250.0,128.0,360.0,0.0,Semiurban,N,4680.0,0.35555555555555557,4324.444444444444
LP001713,Male,Yes,1,Graduate,Yes,7787.0,0.0,240.0,360.0,1.0,Urban,Y,7787.0,0.6666666666666666,7120.333333333333
LP001715,Male,Yes,3+,Not Graduate,Yes,5703.0,0.0,130.0,360.0,1.0,Rural,Y,5703.0,0.3611111111111111,5341.888888888889
LP001716,Male,Yes,0,Graduate,No,3173.0,3021.0,137.0,360.0,1.0,Urban,Y,6194.0,0.38055555555555554,5813.444444444444
LP001720,Male,Yes,3+,Not Graduate,No,3850.0,983.0,100.0,360.0,1.0,Semiurban,Y,4833.0,0.2777777777777778,4555.222222222223
LP001722,Male,Yes,0,Graduate,No,150.0,1800.0,135.0,360.0,1.0,Rural,N,1950.0,0.375,1575.0
LP001726,Male,Yes,0,Graduate,No,3727.0,1775.0,131.0,360.0,1.0,Semiurban,Y,5502.0,0.3638888888888889,5138.111111111111
LP001732,Male,Yes,2,Graduate,No,5000.0,0.0,72.0,360.0,0.0,Semiurban,N,5000.0,0.2,4800.0
LP001734,Female,Yes,2,Graduate,No,4283.0,2383.0,127.0,360.0,1.0,Semiurban,Y,6666.0,0.3527777777777778,6313.222222222223
LP001736,Male,Yes,0,Graduate,No,2221.0,0.0,60.0,360.0,0.0,Urban,N,2221.0,0.16666666666666666,2054.3333333333335
LP001743,Male,Yes,2,Graduate,No,4009.0,1717.0,116.0,360.0,1.0,Semiurban,Y,5726.0,0.32222222222222224,5403.777777777777
LP001744,Male,No,0,Graduate,No,2971.0,2791.0,144.0,360.0,1.0,Semiurban,Y,5762.0,0.4,5362.0
LP001749,Male,Yes,0,Graduate,No,7578.0,1010.0,175.0,360.0,1.0,Semiurban,Y,8588.0,0.4861111111111111,8101.888888888889
LP001750,Male,Yes,0,Graduate,No,6250.0,0.0,128.0,360.0,1.0,Semiurban,Y,6250.0,0.35555555555555557,5894.444444444444
LP001751,Male,Yes,0,Graduate,No,3250.0,0.0,170.0,360.0,1.0,Rural,N,3250.0,0.4722222222222222,2777.777777777778
LP001754,Male,Yes,0,Not Graduate,Yes,4735.0,0.0,138.0,360.0,1.0,Urban,N,4735.0,0.38333333333333336,4351.666666666667
LP001758,Male,Yes,2,Graduate,No,6250.0,1695.0,210.0,360.0,1.0,Semiurban,Y,7945.0,0.5833333333333334,7361.666666666667
LP001760,Male,Yes,0,Graduate,No,4758.0,0.0,158.0,480.0,1.0,Semiurban,Y,4758.0,0.32916666666666666,4428.833333333333
LP001761,Male,No,0,Graduate,Yes,6400.0,0.0,200.0,360.0,1.0,Rural,Y,6400.0,0.5555555555555556,5844.444444444444
LP001765,Male,Yes,1,Graduate,No,2491.0,2054.0,104.0,360.0,1.0,Semiurban,Y,4545.0,0.28888888888888886,4256.111111111111
LP001768,Male,Yes,0,Graduate,No,3716.0,0.0,42.0,180.0,1.0,Rural,Y,3716.0,0.23333333333333334,3482.6666666666665
LP001770,Male,No,0,Not Graduate,No,3189.0,2598.0,120.0,360.0,1.0,Rural,Y,5787.0,0.3333333333333333,5453.666666666667
LP001776,Female,No,0,Graduate,No,8333.0,0.0,280.0,360.0,1.0,Semiurban,Y,8333.0,0.7777777777777778,7555.222222222223
LP001778,Male,Yes,1,Graduate,No,3155.0,1779.0,140.0,360.0,1.0,Semiurban,Y,4934.0,0.3888888888888889,4545.111111111111
LP001784,Male,Yes,1,Graduate,No,5500.0,1260.0,170.0,360.0,1.0,Rural,Y,6760.0,0.4722222222222222,6287.777777777777
LP001786,Male,Yes,0,Graduate,No,5746.0,0.0,255.0,360.0,1.0,Urban,N,5746.0,0.7083333333333334,5037.666666666667
LP001788,Female,No,0,Graduate,Yes,3463.0,0.0,122.0,360.0,1.0,Urban,Y,3463.0,0.3388888888888889,3124.1111111111113
LP001790,Female,No,1,Graduate,No,3812.0,0.0,112.0,360.0,1.0,Rural,Y,3812.0,0.3111111111111111,3500.8888888888887
LP001792,Male,Yes,1,Graduate,No,3315.0,0.0,96.0,360.0,1.0,Semiurban,Y,3315.0,0.26666666666666666,3048.3333333333335
LP001798,Male,Yes,2,Graduate,No,5819.0,5000.0,120.0,360.0,1.0,Rural,Y,10819.0,0.3333333333333333,10485.666666666666
LP001800,Male,Yes,1,Not Graduate,No,2510.0,1983.0,140.0,180.0,1.0,Urban,N,4493.0,0.7777777777777778,3715.222222222222
LP001806,Male,No,0,Graduate,No,2965.0,5701.0,155.0,60.0,1.0,Urban,Y,8666.0,2.5833333333333335,6082.666666666666
LP001807,Male,Yes,2,Graduate,Yes,6250.0,1300.0,108.0,360.0,1.0,Rural,Y,7550.0,0.3,7250.0
LP001811,Male,Yes,0,Not Graduate,No,3406.0,4417.0,123.0,360.0,1.0,Semiurban,Y,7823.0,0.3416666666666667,7481.333333333333
LP001813,Male,No,0,Graduate,Yes,6050.0,4333.0,120.0,180.0,1.0,Urban,N,10383.0,0.6666666666666666,9716.333333333334
LP001814,Male,Yes,2,Graduate,No,9703.0,0.0,112.0,360.0,1.0,Urban,Y,9703.0,0.3111111111111111,9391.888888888889
LP001819,Male,Yes,1,Not Graduate,No,6608.0,0.0,137.0,180.0,1.0,Urban,Y,6608.0,0.7611111111111111,5846.888888888889
LP001824,Male,Yes,1,Graduate,No,2882.0,1843.0,123.0,480.0,1.0,Semiurban,Y,4725.0,0.25625,4468.75
LP001825,Male,Yes,0,Graduate,No,1809.0,1868.0,90.0,360.0,1.0,Urban,Y,3677.0,0.25,3427.0
LP001835,Male,Yes,0,Not Graduate,No,1668.0,3890.0,201.0,360.0,0.0,Semiurban,N,5558.0,0.5583333333333333,4999.666666666667
LP001836,Female,No,2,Graduate,No,3427.0,0.0,138.0,360.0,1.0,Urban,N,3427.0,0.38333333333333336,3043.6666666666665
LP001841,Male,No,0,Not Graduate,Yes,2583.0,2167.0,104.0,360.0,1.0,Rural,Y,4750.0,0.28888888888888886,4461.111111111111
LP001843,Male,Yes,1,Not Graduate,No,2661.0,7101.0,279.0,180.0,1.0,Semiurban,Y,9762.0,1.55,8212.0
LP001844,Male,No,0,Graduate,Yes,16250.0,0.0,192.0,360.0,0.0,Urban,N,16250.0,0.5333333333333333,15716.666666666666
LP001846,Female,No,3+,Graduate,No,3083.0,0.0,255.0,360.0,1.0,Rural,Y,3083.0,0.7083333333333334,2374.6666666666665
LP001849,Male,No,0,Not Graduate,No,6045.0,0.0,115.0,360.0,0.0,Rural,N,6045.0,0.3194444444444444,5725.555555555556
LP001854,Male,Yes,3+,Graduate,No,5250.0,0.0,94.0,360.0,1.0,Urban,N,5250.0,0.2611111111111111,4988.888888888889
LP001859,Male,Yes,0,Graduate,No,14683.0,2100.0,304.0,360.0,1.0,Rural,N,16783.0,0.8444444444444444,15938.555555555555
LP001864,Male,Yes,3+,Not Graduate,No,4931.0,0.0,128.0,360.0,1.0,Semiurban,N,4931.0,0.35555555555555557,4575.444444444444
LP001865,Male,Yes,1,Graduate,No,6083.0,4250.0,330.0,360.0,1.0,Urban,Y,10333.0,0.9166666666666666,9416.333333333334
LP001868,Male,No,0,Graduate,No,2060.0,2209.0,134.0,360.0,1.0,Semiurban,Y,4269.0,0.37222222222222223,3896.777777777778
LP001870,Female,No,1,Graduate,No,3481.0,0.0,155.0,36.0,1.0,Semiurban,N,3481.0,4.305555555555555,-824.5555555555557
LP001871,Female,No,0,Graduate,No,7200.0,0.0,120.0,360.0,1.0,Rural,Y,7200.0,0.3333333333333333,6866.666666666667
LP001872,Male,No,0,Graduate,Yes,5166.0,0.0,128.0,360.0,1.0,Semiurban,Y,5166.0,0.35555555555555557,4810.444444444444
LP001875,Male,No,0,Graduate,No,4095.0,3447.0,151.0,360.0,1.0,Rural,Y,7542.0,0.41944444444444445,7122.555555555556
LP001877,Male,Yes,2,Graduate,No,4708.0,1387.0,150.0,360.0,1.0,Semiurban,Y,6095.0,0.4166666666666667,5678.333333333333
LP001882,Male,Yes,3+,Graduate,No,4333.0,1811.0,160.0,360.0,0.0,Urban,Y,6144.0,0.4444444444444444,5699.555555555556
LP001883,Female,No,0,Graduate,No,3418.0,0.0,135.0,360.0,1.0,Rural,N,3418.0,0.375,3043.0
LP001884,Female,No,1,Graduate,No,2876.0,1560.0,90.0,360.0,1.0,Urban,Y,4436.0,0.25,4186.0
LP001888,Female,No,0,Graduate,No,3237.0,0.0,30.0,360.0,1.0,Urban,Y,3237.0,0.08333333333333333,3153.6666666666665
LP001891,Male,Yes,0,Graduate,No,11146.0,0.0,136.0,360.0,1.0,Urban,Y,11146.0,0.37777777777777777,10768.222222222223
LP001892,Male,No,0,Graduate,No,2833.0,1857.0,126.0,360.0,1.0,Rural,Y,4690.0,0.35,4340.0
LP001894,Male,Yes,0,Graduate,No,2620.0,2223.0,150.0,360.0,1.0,Semiurban,Y,4843.0,0.4166666666666667,4426.333333333333
LP001896,Male,Yes,2,Graduate,No,3900.0,0.0,90.0,360.0,1.0,Semiurban,Y,3900.0,0.25,3650.0
LP001900,Male,Yes,1,Graduate,No,2750.0,1842.0,115.0,360.0,1.0,Semiurban,Y,4592.0,0.3194444444444444,4272.555555555556
LP001903,Male,Yes,0,Graduate,No,3993.0,3274.0,207.0,360.0,1.0,Semiurban,Y,7267.0,0.575,6692.0
LP001904,Male,Yes,0,Graduate,No,3103.0,1300.0,80.0,360.0,1.0,Urban,Y,4403.0,0.2222222222222222,4180.777777777777
LP001907,Male,Yes,0,Graduate,No,14583.0,0.0,436.0,360.0,1.0,Semiurban,Y,14583.0,1.211111111111111,13371.888888888889
LP001908,Female,Yes,0,Not Graduate,No,4100.0,0.0,124.0,360.0,1.0,Rural,Y,4100.0,0.34444444444444444,3755.5555555555557
LP001910,Male,No,1,Not Graduate,Yes,4053.0,2426.0,158.0,360.0,0.0,Urban,N,6479.0,0.4388888888888889,6040.111111111111
LP001914,Male,Yes,0,Graduate,No,3927.0,800.0,112.0,360.0,1.0,Semiurban,Y,4727.0,0.3111111111111111,4415.888888888889
LP001915,Male,Yes,2,Graduate,No,2301.0,985.7999878,78.0,180.0,1.0,Urban,Y,3286.7999878,0.43333333333333335,2853.4666544666666
LP001917,Female,No,0,Graduate,No,1811.0,1666.0,54.0,360.0,1.0,Urban,Y,3477.0,0.15,3327.0
LP001922,Male,Yes,0,Graduate,No,20667.0,0.0,128.0,360.0,1.0,Rural,N,20667.0,0.35555555555555557,20311.444444444445
LP001924,Male,No,0,Graduate,No,3158.0,3053.0,89.0,360.0,1.0,Rural,Y,6211.0,0.24722222222222223,5963.777777777777
LP001925,Female,No,0,Graduate,Yes,2600.0,1717.0,99.0,300.0,1.0,Semiurban,N,4317.0,0.33,3987.0
LP001926,Male,Yes,0,Graduate,No,3704.0,2000.0,120.0,360.0,1.0,Rural,Y,5704.0,0.3333333333333333,5370.666666666667
LP001931,Female,No,0,Graduate,No,4124.0,0.0,115.0,360.0,1.0,Semiurban,Y,4124.0,0.3194444444444444,3804.5555555555557
LP001935,Male,No,0,Graduate,No,9508.0,0.0,187.0,360.0,1.0,Rural,Y,9508.0,0.5194444444444445,8988.555555555555
LP001936,Male,Yes,0,Graduate,No,3075.0,2416.0,139.0,360.0,1.0,Rural,Y,5491.0,0.3861111111111111,5104.888888888889
LP001938,Male,Yes,2,Graduate,No,4400.0,0.0,127.0,360.0,0.0,Semiurban,N,4400.0,0.3527777777777778,4047.222222222222
LP001940,Male,Yes,2,Graduate,No,3153.0,1560.0,134.0,360.0,1.0,Urban,Y,4713.0,0.37222222222222223,4340.777777777777
LP001945,Female,No,0,Graduate,No,5417.0,0.0,143.0,480.0,0.0,Urban,N,5417.0,0.29791666666666666,5119.083333333333
LP001947,Male,Yes,0,Graduate,No,2383.0,3334.0,172.0,360.0,1.0,Semiurban,Y,5717.0,0.4777777777777778,5239.222222222223
LP001949,Male,Yes,3+,Graduate,No,4416.0,1250.0,110.0,360.0,1.0,Urban,Y,5666.0,0.3055555555555556,5360.444444444444
LP001953,Male,Yes,1,Graduate,No,6875.0,0.0,200.0,360.0,1.0,Semiurban,Y,6875.0,0.5555555555555556,6319.444444444444
LP001954,Female,Yes,1,Graduate,No,4666.0,0.0,135.0,360.0,1.0,Urban,Y,4666.0,0.375,4291.0
LP001955,Female,No,0,Graduate,No,5000.0,2541.0,151.0,480.0,1.0,Rural,N,7541.0,0.3145833333333333,7226.416666666667
LP001963,Male,Yes,1,Graduate,No,2014.0,2925.0,113.0,360.0,1.0,Urban,N,4939.0,0.3138888888888889,4625.111111111111
LP001964,Male,Yes,0,Not Graduate,No,1800.0,2934.0,93.0,360.0,0.0,Urban,N,4734.0,0.25833333333333336,4475.666666666667
LP001972,Male,Yes,0,Not Graduate,No,2875.0,1750.0,105.0,360.0,1.0,Semiurban,Y,4625.0,0.2916666666666667,4333.333333333333
LP001974,Female,No,0,Graduate,No,5000.0,0.0,132.0,360.0,1.0,Rural,Y,5000.0,0.36666666666666664,4633.333333333333
LP001977,Male,Yes,1,Graduate,No,1625.0,1803.0,96.0,360.0,1.0,Urban,Y,3428.0,0.26666666666666666,3161.3333333333335
LP001978,Male,No,0,Graduate,No,4000.0,2500.0,140.0,360.0,1.0,Rural,Y,6500.0,0.3888888888888889,6111.111111111111
LP001990,Male,No,0,Not Graduate,No,2000.0,0.0,128.0,360.0,1.0,Urban,N,2000.0,0.35555555555555557,1644.4444444444443
LP001993,Female,No,0,Graduate,No,3762.0,1666.0,135.0,360.0,1.0,Rural,Y,5428.0,0.375,5053.0
LP001994,Female,No,0,Graduate,No,2400.0,1863.0,104.0,360.0,0.0,Urban,N,4263.0,0.28888888888888886,3974.1111111111113
LP001996,Male,No,0,Graduate,No,20233.0,0.0,480.0,360.0,1.0,Rural,N,20233.0,1.3333333333333333,18899.666666666668
LP001998,Male,Yes,2,Not Graduate,No,7667.0,0.0,185.0,360.0,1.0,Rural,Y,7667.0,0.5138888888888888,7153.111111111111
LP002002,Female,No,0,Graduate,No,2917.0,0.0,84.0,360.0,1.0,Semiurban,Y,2917.0,0.23333333333333334,2683.6666666666665
LP002004,Male,No,0,Not Graduate,No,2927.0,2405.0,111.0,360.0,1.0,Semiurban,Y,5332.0,0.30833333333333335,5023.666666666667
LP002006,Female,No,0,Graduate,No,2507.0,0.0,56.0,360.0,1.0,Rural,Y,2507.0,0.15555555555555556,2351.4444444444443
LP002008,Male,Yes,2,Graduate,Yes,5746.0,0.0,144.0,84.0,1.0,Rural,Y,5746.0,1.7142857142857142,4031.714285714286
LP002024,Male,Yes,0,Graduate,No,2473.0,1843.0,159.0,360.0,1.0,Rural,N,4316.0,0.44166666666666665,3874.3333333333335
LP002031,Male,Yes,1,Not Graduate,No,3399.0,1640.0,111.0,180.0,1.0,Urban,Y,5039.0,0.6166666666666667,4422.333333333333
LP002035,Male,Yes,2,Graduate,No,3717.0,0.0,120.0,360.0,1.0,Semiurban,Y,3717.0,0.3333333333333333,3383.6666666666665
LP002036,Male,Yes,0,Graduate,No,2058.0,2134.0,88.0,360.0,1.0,Urban,Y,4192.0,0.24444444444444444,3947.5555555555557
LP002043,Female,No,1,Graduate,No,3541.0,0.0,112.0,360.0,1.0,Semiurban,Y,3541.0,0.3111111111111111,3229.8888888888887
LP002050,Male,Yes,1,Graduate,Yes,10000.0,0.0,155.0,360.0,1.0,Rural,N,10000.0,0.4305555555555556,9569.444444444445
LP002051,Male,Yes,0,Graduate,No,2400.0,2167.0,115.0,360.0,1.0,Semiurban,Y,4567.0,0.3194444444444444,4247.555555555556
LP002053,Male,Yes,3+,Graduate,No,4342.0,189.0,124.0,360.0,1.0,Semiurban,Y,4531.0,0.34444444444444444,4186.555555555556
LP002054,Male,Yes,2,Not Graduate,No,3601.0,1590.0,128.0,360.0,1.0,Rural,Y,5191.0,0.35555555555555557,4835.444444444444
LP002055,Female,No,0,Graduate,No,3166.0,2985.0,132.0,360.0,1.0,Rural,Y,6151.0,0.36666666666666664,5784.333333333333
LP002065,Male,Yes,3+,Graduate,No,15000.0,0.0,300.0,360.0,1.0,Rural,Y,15000.0,0.8333333333333334,14166.666666666666
LP002067,Male,Yes,1,Graduate,Yes,8666.0,4983.0,376.0,360.0,0.0,Rural,N,13649.0,1.0444444444444445,12604.555555555555
LP002068,Male,No,0,Graduate,No,4917.0,0.0,130.0,360.0,0.0,Rural,Y,4917.0,0.3611111111111111,4555.888888888889
LP002082,Male,Yes,0,Graduate,Yes,5818.0,2160.0,184.0,360.0,1.0,Semiurban,Y,7978.0,0.5111111111111111,7466.888888888889
LP002086,Female,Yes,0,Graduate,No,4333.0,2451.0,110.0,360.0,1.0,Urban,N,6784.0,0.3055555555555556,6478.444444444444
LP002087,Female,No,0,Graduate,No,2500.0,0.0,67.0,360.0,1.0,Urban,Y,2500.0,0.18611111111111112,2313.8888888888887
LP002097,Male,No,1,Graduate,No,4384.0,1793.0,117.0,360.0,1.0,Urban,Y,6177.0,0.325,5852.0
LP002098,Male,No,0,Graduate,No,2935.0,0.0,98.0,360.0,1.0,Semiurban,Y,2935.0,0.2722222222222222,2662.777777777778
LP002100,Male,No,0,Graduate,No,2833.0,0.0,71.0,360.0,1.0,Urban,Y,2833.0,0.19722222222222222,2635.777777777778
LP002101,Male,Yes,0,Graduate,No,63337.0,0.0,490.0,180.0,1.0,Urban,Y,63337.0,2.7222222222222223,60614.77777777778
LP002103,Male,Yes,1,Graduate,Yes,9833.0,1833.0,182.0,180.0,1.0,Urban,Y,11666.0,1.011111111111111,10654.888888888889
LP002106,Male,Yes,0,Graduate,Yes,5503.0,4490.0,70.0,360.0,1.0,Semiurban,Y,9993.0,0.19444444444444445,9798.555555555555
LP002110,Male,Yes,1,Graduate,No,5250.0,688.0,160.0,360.0,1.0,Rural,Y,5938.0,0.4444444444444444,5493.555555555556
LP002112,Male,Yes,2,Graduate,Yes,2500.0,4600.0,176.0,360.0,1.0,Rural,Y,7100.0,0.4888888888888889,6611.111111111111
LP002113,Female,No,3+,Not Graduate,No,1830.0,0.0,128.0,360.0,0.0,Urban,N,1830.0,0.35555555555555557,1474.4444444444443
LP002114,Female,No,0,Graduate,No,4160.0,0.0,71.0,360.0,1.0,Semiurban,Y,4160.0,0.19722222222222222,3962.777777777778
LP002115,Male,Yes,3+,Not Graduate,No,2647.0,1587.0,173.0,360.0,1.0,Rural,N,4234.0,0.48055555555555557,3753.4444444444443
LP002116,Female,No,0,Graduate,No,2378.0,0.0,46.0,360.0,1.0,Rural,N,2378.0,0.12777777777777777,2250.222222222222
LP002119,Male,Yes,1,Not Graduate,No,4554.0,1229.0,158.0,360.0,1.0,Urban,Y,5783.0,0.4388888888888889,5344.111111111111
LP002126,Male,Yes,3+,Not Graduate,No,3173.0,0.0,74.0,360.0,1.0,Semiurban,Y,3173.0,0.20555555555555555,2967.4444444444443
LP002128,Male,Yes,2,Graduate,No,2583.0,2330.0,125.0,360.0,1.0,Rural,Y,4913.0,0.3472222222222222,4565.777777777777
LP002129,Male,Yes,0,Graduate,No,2499.0,2458.0,160.0,360.0,1.0,Semiurban,Y,4957.0,0.4444444444444444,4512.555555555556
LP002130,Male,Yes,0,Not Graduate,No,3523.0,3230.0,152.0,360.0,0.0,Rural,N,6753.0,0.4222222222222222,6330.777777777777
LP002131,Male,Yes,2,Not Graduate,No,3083.0,2168.0,126.0,360.0,1.0,Urban,Y,5251.0,0.35,4901.0
LP002137,Male,Yes,0,Graduate,No,6333.0,4583.0,259.0,360.0,1.0,Semiurban,Y,10916.0,0.7194444444444444,10196.555555555555
LP002138,Male,Yes,0,Graduate,No,2625.0,6250.0,187.0,360.0,1.0,Rural,Y,8875.0,0.5194444444444445,8355.555555555555
LP002139,Male,Yes,0,Graduate,No,9083.0,0.0,228.0,360.0,1.0,Semiurban,Y,9083.0,0.6333333333333333,8449.666666666666
LP002140,Male,No,0,Graduate,No,8750.0,4167.0,308.0,360.0,1.0,Rural,N,12917.0,0.8555555555555555,12061.444444444445
LP002141,Male,Yes,3+,Graduate,No,2666.0,2083.0,95.0,360.0,1.0,Rural,Y,4749.0,0.2638888888888889,4485.111111111111
LP002142,Female,Yes,0,Graduate,Yes,5500.0,0.0,105.0,360.0,0.0,Rural,N,5500.0,0.2916666666666667,5208.333333333333
LP002143,Female,Yes,0,Graduate,No,2423.0,505.0,130.0,360.0,1.0,Semiurban,Y,2928.0,0.3611111111111111,2566.8888888888887
LP002144,Female,No,0,Graduate,No,3813.0,0.0,116.0,180.0,1.0,Urban,Y,3813.0,0.6444444444444445,3168.5555555555557
LP002149,Male,Yes,2,Graduate,No,8333.0,3167.0,165.0,360.0,1.0,Rural,Y,11500.0,0.4583333333333333,11041.666666666666
LP002151,Male,Yes,1,Graduate,No,3875.0,0.0,67.0,360.0,1.0,Urban,N,3875.0,0.18611111111111112,3688.8888888888887
LP002158,Male,Yes,0,Not Graduate,No,3000.0,1666.0,100.0,480.0,0.0,Urban,N,4666.0,0.20833333333333334,4457.666666666667
LP002160,Male,Yes,3+,Graduate,No,5167.0,3167.0,200.0,360.0,1.0,Semiurban,Y,8334.0,0.5555555555555556,7778.444444444444
LP002161,Female,No,1,Graduate,No,4723.0,0.0,81.0,360.0,1.0,Semiurban,N,4723.0,0.225,4498.0
LP002170,Male,Yes,2,Graduate,No,5000.0,3667.0,236.0,360.0,1.0,Semiurban,Y,8667.0,0.6555555555555556,8011.444444444444
LP002175,Male,Yes,0,Graduate,No,4750.0,2333.0,130.0,360.0,1.0,Urban,Y,7083.0,0.3611111111111111,6721.888888888889
LP002178,Male,Yes,0,Graduate,No,3013.0,3033.0,95.0,300.0,1.0,Urban,Y,6046.0,0.31666666666666665,5729.333333333333
LP002180,Male,No,0,Graduate,Yes,6822.0,0.0,141.0,360.0,1.0,Rural,Y,6822.0,0.39166666666666666,6430.333333333333
LP002181,Male,No,0,Not Graduate,No,6216.0,0.0,133.0,360.0,1.0,Rural,N,6216.0,0.36944444444444446,5846.555555555556
LP002187,Male,No,0,Graduate,No,2500.0,0.0,96.0,480.0,1.0,Semiurban,N,2500.0,0.2,2300.0
LP002188,Male,No,0,Graduate,No,5124.0,0.0,124.0,360.0,0.0,Rural,N,5124.0,0.34444444444444444,4779.555555555556
LP002190,Male,Yes,1,Graduate,No,6325.0,0.0,175.0,360.0,1.0,Semiurban,Y,6325.0,0.4861111111111111,5838.888888888889
LP002191,Male,Yes,0,Graduate,No,19730.0,5266.0,570.0,360.0,1.0,Rural,N,24996.0,1.5833333333333333,23412.666666666668
LP002194,Female,No,0,Graduate,Yes,15759.0,0.0,55.0,360.0,1.0,Semiurban,Y,15759.0,0.1527777777777778,15606.222222222223
LP002197,Male,Yes,2,Graduate,No,5185.0,0.0,155.0,360.0,1.0,Semiurban,Y,5185.0,0.4305555555555556,4754.444444444444
LP002201,Male,Yes,2,Graduate,Yes,9323.0,7873.0,380.0,300.0,1.0,Rural,Y,17196.0,1.2666666666666666,15929.333333333334
LP002205,Male,No,1,Graduate,No,3062.0,1987.0,111.0,180.0,0.0,Urban,N,5049.0,0.6166666666666667,4432.333333333333
LP002209,Female,No,0,Graduate,No,2764.0,1459.0,110.0,360.0,1.0,Urban,Y,4223.0,0.3055555555555556,3917.4444444444443
LP002211,Male,Yes,0,Graduate,No,4817.0,923.0,120.0,180.0,1.0,Urban,Y,5740.0,0.6666666666666666,5073.333333333333
LP002219,Male,Yes,3+,Graduate,No,8750.0,4996.0,130.0,360.0,1.0,Rural,Y,13746.0,0.3611111111111111,13384.888888888889
LP002223,Male,Yes,0,Graduate,No,4310.0,0.0,130.0,360.0,1.0,Semiurban,Y,4310.0,0.3611111111111111,3948.8888888888887
LP002224,Male,No,0,Graduate,No,3069.0,0.0,71.0,480.0,1.0,Urban,N,3069.0,0.14791666666666667,2921.0833333333335
LP002225,Male,Yes,2,Graduate,No,5391.0,0.0,130.0,360.0,1.0,Urban,Y,5391.0,0.3611111111111111,5029.888888888889
LP002226,Male,Yes,0,Graduate,No,3333.0,2500.0,128.0,360.0,1.0,Semiurban,Y,5833.0,0.35555555555555557,5477.444444444444
LP002229,Male,No,0,Graduate,No,5941.0,4232.0,296.0,360.0,1.0,Semiurban,Y,10173.0,0.8222222222222222,9350.777777777777
LP002231,Female,No,0,Graduate,No,6000.0,0.0,156.0,360.0,1.0,Urban,Y,6000.0,0.43333333333333335,5566.666666666667
LP002234,Male,No,0,Graduate,Yes,7167.0,0.0,128.0,360.0,1.0,Urban,Y,7167.0,0.35555555555555557,6811.444444444444
LP002236,Male,Yes,2,Graduate,No,4566.0,0.0,100.0,360.0,1.0,Urban,N,4566.0,0.2777777777777778,4288.222222222223
LP002237,Male,No,1,Graduate,No,3667.0,0.0,113.0,180.0,1.0,Urban,Y,3667.0,0.6277777777777778,3039.222222222222
LP002239,Male,No,0,Not Graduate,No,2346.0,1600.0,132.0,360.0,1.0,Semiurban,Y,3946.0,0.36666666666666664,3579.3333333333335
LP002243,Male,Yes,0,Not Graduate,No,3010.0,3136.0,128.0,360.0,0.0,Urban,N,6146.0,0.35555555555555557,5790.444444444444
LP002244,Male,Yes,0,Graduate,No,2333.0,2417.0,136.0,360.0,1.0,Urban,Y,4750.0,0.37777777777777777,4372.222222222223
LP002250,Male,Yes,0,Graduate,No,5488.0,0.0,125.0,360.0,1.0,Rural,Y,5488.0,0.3472222222222222,5140.777777777777
LP002255,Male,No,3+,Graduate,No,9167.0,0.0,185.0,360.0,1.0,Rural,Y,9167.0,0.5138888888888888,8653.111111111111
LP002262,Male,Yes,3+,Graduate,No,9504.0,0.0,275.0,360.0,1.0,Rural,Y,9504.0,0.7638888888888888,8740.111111111111
LP002263,Male,Yes,0,Graduate,No,2583.0,2115.0,120.0,360.0,1.0,Urban,Y,4698.0,0.3333333333333333,4364.666666666667
LP002265,Male,Yes,2,Not Graduate,No,1993.0,1625.0,113.0,180.0,1.0,Semiurban,Y,3618.0,0.6277777777777778,2990.222222222222
LP002266,Male,Yes,2,Graduate,No,3100.0,1400.0,113.0,360.0,1.0,Urban,Y,4500.0,0.3138888888888889,4186.111111111111
LP002272,Male,Yes,2,Graduate,No,3276.0,484.0,135.0,360.0,1.0,Semiurban,Y,3760.0,0.375,3385.0
LP002277,Female,No,0,Graduate,No,3180.0,0.0,71.0,360.0,0.0,Urban,N,3180.0,0.19722222222222222,2982.777777777778
LP002281,Male,Yes,0,Graduate,No,3033.0,1459.0,95.0,360.0,1.0,Urban,Y,4492.0,0.2638888888888889,4228.111111111111
LP002284,Male,No,0,Not Graduate,No,3902.0,1666.0,109.0,360.0,1.0,Rural,Y,5568.0,0.30277777777777776,5265.222222222223
LP002287,Female,No,0,Graduate,No,1500.0,1800.0,103.0,360.0,0.0,Semiurban,N,3300.0,0.2861111111111111,3013.8888888888887
LP002288,Male,Yes,2,Not Graduate,No,2889.0,0.0,45.0,180.0,0.0,Urban,N,2889.0,0.25,2639.0
LP002296,Male,No,0,Not Graduate,No,2755.0,0.0,65.0,300.0,1.0,Rural,N,2755.0,0.21666666666666667,2538.3333333333335
LP002297,Male,No,0,Graduate,No,2500.0,20000.0,103.0,360.0,1.0,Semiurban,Y,22500.0,0.2861111111111111,22213.88888888889
LP002300,Female,No,0,Not Graduate,No,1963.0,0.0,53.0,360.0,1.0,Semiurban,Y,1963.0,0.14722222222222223,1815.7777777777778
LP002301,Female,No,0,Graduate,Yes,7441.0,0.0,194.0,360.0,1.0,Rural,N,7441.0,0.5388888888888889,6902.111111111111
LP002305,Female,No,0,Graduate,No,4547.0,0.0,115.0,360.0,1.0,Semiurban,Y,4547.0,0.3194444444444444,4227.555555555556
LP002308,Male,Yes,0,Not Graduate,No,2167.0,2400.0,115.0,360.0,1.0,Urban,Y,4567.0,0.3194444444444444,4247.555555555556
LP002314,Female,No,0,Not Graduate,No,2213.0,0.0,66.0,360.0,1.0,Rural,Y,2213.0,0.18333333333333332,2029.6666666666667
LP002315,Male,Yes,1,Graduate,No,8300.0,0.0,152.0,300.0,0.0,Semiurban,N,8300.0,0.5066666666666667,7793.333333333333
LP002317,Male,Yes,3+,Graduate,No,81000.0,0.0,360.0,360.0,0.0,Rural,N,81000.0,1.0,80000.0
LP002318,Female,No,1,Not Graduate,Yes,3867.0,0.0,62.0,360.0,1.0,Semiurban,N,3867.0,0.17222222222222222,3694.777777777778
LP002319,Male,Yes,0,Graduate,No,6256.0,0.0,160.0,360.0,1.0,Urban,Y,6256.0,0.4444444444444444,5811.555555555556
LP002328,Male,Yes,0,Not Graduate,No,6096.0,0.0,218.0,360.0,0.0,Rural,N,6096.0,0.6055555555555555,5490.444444444444
LP002332,Male,Yes,0,Not Graduate,No,2253.0,2033.0,110.0,360.0,1.0,Rural,Y,4286.0,0.3055555555555556,3980.4444444444443
LP002335,Female,Yes,0,Not Graduate,No,2149.0,3237.0,178.0,360.0,0.0,Semiurban,N,5386.0,0.49444444444444446,4891.555555555556
LP002337,Female,No,0,Graduate,No,2995.0,0.0,60.0,360.0,1.0,Urban,Y,2995.0,0.16666666666666666,2828.3333333333335
LP002341,Female,No,1,Graduate,No,2600.0,0.0,160.0,360.0,1.0,Urban,N,2600.0,0.4444444444444444,2155.5555555555557
LP002342,Male,Yes,2,Graduate,Yes,1600.0,20000.0,239.0,360.0,1.0,Urban,N,21600.0,0.6638888888888889,20936.11111111111
LP002345,Male,Yes,0,Graduate,No,1025.0,2773.0,112.0,360.0,1.0,Rural,Y,3798.0,0.3111111111111111,3486.8888888888887
LP002347,Male,Yes,0,Graduate,No,3246.0,1417.0,138.0,360.0,1.0,Semiurban,Y,4663.0,0.38333333333333336,4279.666666666667
LP002348,Male,Yes,0,Graduate,No,5829.0,0.0,138.0,360.0,1.0,Rural,Y,5829.0,0.38333333333333336,5445.666666666667
LP002357,Female,No,0,Not Graduate,No,2720.0,0.0,80.0,360.0,0.0,Urban,N,2720.0,0.2222222222222222,2497.777777777778
LP002361,Male,Yes,0,Graduate,No,1820.0,1719.0,100.0,360.0,1.0,Urban,Y,3539.0,0.2777777777777778,3261.222222222222
LP002362,Male,Yes,1,Graduate,No,7250.0,1667.0,110.0,360.0,0.0,Urban,N,8917.0,0.3055555555555556,8611.444444444445
LP002364,Male,Yes,0,Graduate,No,14880.0,0.0,96.0,360.0,1.0,Semiurban,Y,14880.0,0.26666666666666666,14613.333333333334
LP002366,Male,Yes,0,Graduate,No,2666.0,4300.0,121.0,360.0,1.0,Rural,Y,6966.0,0.33611111111111114,6629.888888888889
LP002367,Female,No,1,Not Graduate,No,4606.0,0.0,81.0,360.0,1.0,Rural,N,4606.0,0.225,4381.0
LP002368,Male,Yes,2,Graduate,No,5935.0,0.0,133.0,360.0,1.0,Semiurban,Y,5935.0,0.36944444444444446,5565.555555555556
LP002369,Male,Yes,0,Graduate,No,2920.0,16.12000084,87.0,360.0,1.0,Rural,Y,2936.12000084,0.24166666666666667,2694.4533341733336
LP002370,Male,No,0,Not Graduate,No,2717.0,0.0,60.0,180.0,1.0,Urban,Y,2717.0,0.3333333333333333,2383.6666666666665
LP002377,Female,No,1,Graduate,Yes,8624.0,0.0,150.0,360.0,1.0,Semiurban,Y,8624.0,0.4166666666666667,8207.333333333334
LP002379,Male,No,0,Graduate,No,6500.0,0.0,105.0,360.0,0.0,Rural,N,6500.0,0.2916666666666667,6208.333333333333
LP002386,Male,No,0,Graduate,No,12876.0,0.0,405.0,360.0,1.0,Semiurban,Y,12876.0,1.125,11751.0
LP002387,Male,Yes,0,Graduate,No,2425.0,2340.0,143.0,360.0,1.0,Semiurban,Y,4765.0,0.3972222222222222,4367.777777777777
LP002390,Male,No,0,Graduate,No,3750.0,0.0,100.0,360.0,1.0,Urban,Y,3750.0,0.2777777777777778,3472.222222222222
LP002393,Female,Yes,0,Graduate,No,10047.0,0.0,128.0,240.0,1.0,Semiurban,Y,10047.0,0.5333333333333333,9513.666666666666
LP002398,Male,No,0,Graduate,No,1926.0,1851.0,50.0,360.0,1.0,Semiurban,Y,3777.0,0.1388888888888889,3638.1111111111113
LP002401,Male,Yes,0,Graduate,No,2213.0,1125.0,128.0,360.0,1.0,Urban,Y,3338.0,0.35555555555555557,2982.4444444444443
LP002403,Male,No,0,Graduate,Yes,10416.0,0.0,187.0,360.0,0.0,Urban,N,10416.0,0.5194444444444445,9896.555555555555
LP002407,Female,Yes,0,Not Graduate,Yes,7142.0,0.0,138.0,360.0,1.0,Rural,Y,7142.0,0.38333333333333336,6758.666666666667
LP002408,Male,No,0,Graduate,No,3660.0,5064.0,187.0,360.0,1.0,Semiurban,Y,8724.0,0.5194444444444445,8204.555555555555
LP002409,Male,Yes,0,Graduate,No,7901.0,1833.0,180.0,360.0,1.0,Rural,Y,9734.0,0.5,9234.0
LP002418,Male,No,3+,Not Graduate,No,4707.0,1993.0,148.0,360.0,1.0,Semiurban,Y,6700.0,0.4111111111111111,6288.888888888889
LP002422,Male,No,1,Graduate,No,37719.0,0.0,152.0,360.0,1.0,Semiurban,Y,37719.0,0.4222222222222222,37296.77777777778
LP002424,Male,Yes,0,Graduate,No,7333.0,8333.0,175.0,300.0,1.0,Rural,Y,15666.0,0.5833333333333334,15082.666666666666
LP002429,Male,Yes,1,Graduate,Yes,3466.0,1210.0,130.0,360.0,1.0,Rural,Y,4676.0,0.3611111111111111,4314.888888888889
LP002434,Male,Yes,2,Not Graduate,No,4652.0,0.0,110.0,360.0,1.0,Rural,Y,4652.0,0.3055555555555556,4346.444444444444
LP002435,Male,Yes,0,Graduate,No,3539.0,1376.0,55.0,360.0,1.0,Rural,N,4915.0,0.1527777777777778,4762.222222222223
LP002443,Male,Yes,2,Graduate,No,3340.0,1710.0,150.0,360.0,0.0,Rural,N,5050.0,0.4166666666666667,4633.333333333333
LP002444,Male,No,1,Not Graduate,Yes,2769.0,1542.0,190.0,360.0,1.0,Semiurban,N,4311.0,0.5277777777777778,3783.222222222222
LP002446,Male,Yes,2,Not Graduate,No,2309.0,1255.0,125.0,360.0,0.0,Rural,N,3564.0,0.3472222222222222,3216.777777777778
LP002447,Male,Yes,2,Not Graduate,No,1958.0,1456.0,60.0,300.0,1.0,Urban,Y,3414.0,0.2,3214.0
LP002448,Male,Yes,0,Graduate,No,3948.0,1733.0,149.0,360.0,0.0,Rural,N,5681.0,0.41388888888888886,5267.111111111111
LP002449,Male,Yes,0,Graduate,No,2483.0,2466.0,90.0,180.0,0.0,Rural,Y,4949.0,0.5,4449.0
LP002453,Male,No,0,Graduate,Yes,7085.0,0.0,84.0,360.0,1.0,Semiurban,Y,7085.0,0.23333333333333334,6851.666666666667
LP002455,Male,Yes,2,Graduate,No,3859.0,0.0,96.0,360.0,1.0,Semiurban,Y,3859.0,0.26666666666666666,3592.3333333333335
LP002459,Male,Yes,0,Graduate,No,4301.0,0.0,118.0,360.0,1.0,Urban,Y,4301.0,0.3277777777777778,3973.222222222222
LP002467,Male,Yes,0,Graduate,No,3708.0,2569.0,173.0,360.0,1.0,Urban,N,6277.0,0.48055555555555557,5796.444444444444
LP002472,Male,No,2,Graduate,No,4354.0,0.0,136.0,360.0,1.0,Rural,Y,4354.0,0.37777777777777777,3976.222222222222
LP002473,Male,Yes,0,Graduate,No,8334.0,0.0,160.0,360.0,1.0,Semiurban,N,8334.0,0.4444444444444444,7889.555555555556
LP002478,Male,Yes,0,Graduate,Yes,2083.0,4083.0,160.0,360.0,1.0,Semiurban,Y,6166.0,0.4444444444444444,5721.555555555556
LP002484,Male,Yes,3+,Graduate,No,7740.0,0.0,128.0,180.0,1.0,Urban,Y,7740.0,0.7111111111111111,7028.888888888889
LP002487,Male,Yes,0,Graduate,No,3015.0,2188.0,153.0,360.0,1.0,Rural,Y,5203.0,0.425,4778.0
LP002489,Female,No,1,Not Graduate,No,5191.0,0.0,132.0,360.0,1.0,Semiurban,Y,5191.0,0.36666666666666664,4824.333333333333
LP002493,Male,No,0,Graduate,No,4166.0,0.0,98.0,360.0,0.0,Semiurban,N,4166.0,0.2722222222222222,3893.777777777778
LP002494,Male,No,0,Graduate,No,6000.0,0.0,140.0,360.0,1.0,Rural,Y,6000.0,0.3888888888888889,5611.111111111111
LP002500,Male,Yes,3+,Not Graduate,No,2947.0,1664.0,70.0,180.0,0.0,Urban,N,4611.0,0.3888888888888889,4222.111111111111
LP002501,Male,Yes,0,Graduate,No,16692.0,0.0,110.0,360.0,1.0,Semiurban,Y,16692.0,0.3055555555555556,16386.444444444445
LP002502,Female,Yes,2,Not Graduate,No,210.0,2917.0,98.0,360.0,1.0,Semiurban,Y,3127.0,0.2722222222222222,2854.777777777778
LP002505,Male,Yes,0,Graduate,No,4333.0,2451.0,110.0,360.0,1.0,Urban,N,6784.0,0.3055555555555556,6478.444444444444
LP002515,Male,Yes,1,Graduate,Yes,3450.0,2079.0,162.0,360.0,1.0,Semiurban,Y,5529.0,0.45,5079.0
LP002517,Male,Yes,1,Not Graduate,No,2653.0,1500.0,113.0,180.0,0.0,Rural,N,4153.0,0.6277777777777778,3525.222222222222
LP002519,Male,Yes,3+,Graduate,No,4691.0,0.0,100.0,360.0,1.0,Semiurban,Y,4691.0,0.2777777777777778,4413.222222222223
LP002522,Female,No,0,Graduate,Yes,2500.0,0.0,93.0,360.0,1.0,Urban,Y,2500.0,0.25833333333333336,2241.6666666666665
LP002524,Male,No,2,Graduate,No,5532.0,4648.0,162.0,360.0,1.0,Rural,Y,10180.0,0.45,9730.0
LP002527,Male,Yes,2,Graduate,Yes,16525.0,1014.0,150.0,360.0,1.0,Rural,Y,17539.0,0.4166666666666667,17122.333333333332
LP002529,Male,Yes,2,Graduate,No,6700.0,1750.0,230.0,300.0,1.0,Semiurban,Y,8450.0,0.7666666666666667,7683.333333333333
LP002530,Male,Yes,2,Graduate,No,2873.0,1872.0,132.0,360.0,0.0,Semiurban,N,4745.0,0.36666666666666664,4378.333333333333
LP002531,Male,Yes,1,Graduate,Yes,16667.0,2250.0,86.0,360.0,1.0,Semiurban,Y,18917.0,0.2388888888888889,18678.11111111111
LP002533,Male,Yes,2,Graduate,No,2947.0,1603.0,128.0,360.0,1.0,Urban,N,4550.0,0.35555555555555557,4194.444444444444
LP002534,Female,No,0,Not Graduate,No,4350.0,0.0,154.0,360.0,1.0,Rural,Y,4350.0,0.42777777777777776,3922.222222222222
LP002536,Male,Yes,3+,Not Graduate,No,3095.0,0.0,113.0,360.0,1.0,Rural,Y,3095.0,0.3138888888888889,2781.1111111111113
LP002537,Male,Yes,0,Graduate,No,2083.0,3150.0,128.0,360.0,1.0,Semiurban,Y,5233.0,0.35555555555555557,4877.444444444444
LP002541,Male,Yes,0,Graduate,No,10833.0,0.0,234.0,360.0,1.0,Semiurban,Y,10833.0,0.65,10183.0
LP002543,Male,Yes,2,Graduate,No,8333.0,0.0,246.0,360.0,1.0,Semiurban,Y,8333.0,0.6833333333333333,7649.666666666667
LP002544,Male,Yes,1,Not Graduate,No,1958.0,2436.0,131.0,360.0,1.0,Rural,Y,4394.0,0.3638888888888889,4030.1111111111113
LP002545,Male,No,2,Graduate,No,3547.0,0.0,80.0,360.0,0.0,Rural,N,3547.0,0.2222222222222222,3324.777777777778
LP002547,Male,Yes,1,Graduate,No,18333.0,0.0,500.0,360.0,1.0,Urban,N,18333.0,1.3888888888888888,16944.11111111111
LP002555,Male,Yes,2,Graduate,Yes,4583.0,2083.0,160.0,360.0,1.0,Semiurban,Y,6666.0,0.4444444444444444,6221.555555555556
LP002556,Male,No,0,Graduate,No,2435.0,0.0,75.0,360.0,1.0,Urban,N,2435.0,0.20833333333333334,2226.6666666666665
LP002560,Male,No,0,Not Graduate,No,2699.0,2785.0,96.0,360.0,1.0,Semiurban,Y,5484.0,0.26666666666666666,5217.333333333333
LP002562,Male,Yes,1,Not Graduate,No,5333.0,1131.0,186.0,360.0,1.0,Urban,Y,6464.0,0.5166666666666667,5947.333333333333
LP002571,Male,No,0,Not Graduate,No,3691.0,0.0,110.0,360.0,1.0,Rural,Y,3691.0,0.3055555555555556,3385.4444444444443
LP002582,Female,No,0,Not Graduate,Yes,17263.0,0.0,225.0,360.0,1.0,Semiurban,Y,17263.0,0.625,16638.0
LP002585,Male,Yes,0,Graduate,No,3597.0,2157.0,119.0,360.0,0.0,Rural,N,5754.0,0.33055555555555555,5423.444444444444
LP002586,Female,Yes,1,Graduate,No,3326.0,913.0,105.0,84.0,1.0,Semiurban,Y,4239.0,1.25,2989.0
LP002587,Male,Yes,0,Not Graduate,No,2600.0,1700.0,107.0,360.0,1.0,Rural,Y,4300.0,0.2972222222222222,4002.777777777778
LP002588,Male,Yes,0,Graduate,No,4625.0,2857.0,111.0,12.0,1.0,Urban,Y,7482.0,9.25,-1768.0
LP002600,Male,Yes,1,Graduate,Yes,2895.0,0.0,95.0,360.0,1.0,Semiurban,Y,2895.0,0.2638888888888889,2631.1111111111113
LP002602,Male,No,0,Graduate,No,6283.0,4416.0,209.0,360.0,0.0,Rural,N,10699.0,0.5805555555555556,10118.444444444445
LP002603,Female,No,0,Graduate,No,645.0,3683.0,113.0,480.0,1.0,Rural,Y,4328.0,0.23541666666666666,4092.5833333333335
LP002606,Female,No,0,Graduate,No,3159.0,0.0,100.0,360.0,1.0,Semiurban,Y,3159.0,0.2777777777777778,2881.222222222222
LP002615,Male,Yes,2,Graduate,No,4865.0,5624.0,208.0,360.0,1.0,Semiurban,Y,10489.0,0.5777777777777777,9911.222222222223
LP002618,Male,Yes,1,Not Graduate,No,4050.0,5302.0,138.0,360.0,1.0,Rural,N,9352.0,0.38333333333333336,8968.666666666666
LP002619,Male,Yes,0,Not Graduate,No,3814.0,1483.0,124.0,300.0,1.0,Semiurban,Y,5297.0,0.41333333333333333,4883.666666666667
LP002622,Male,Yes,2,Graduate,No,3510.0,4416.0,243.0,360.0,1.0,Rural,Y,7926.0,0.675,7251.0
LP002624,Male,Yes,0,Graduate,No,20833.0,6667.0,480.0,360.0,1.0,Urban,Y,27500.0,1.3333333333333333,26166.666666666668
LP002625,Male,No,0,Graduate,No,3583.0,0.0,96.0,360.0,1.0,Urban,N,3583.0,0.26666666666666666,3316.3333333333335
LP002626,Male,Yes,0,Graduate,Yes,2479.0,3013.0,188.0,360.0,1.0,Urban,Y,5492.0,0.5222222222222223,4969.777777777777
LP002634,Female,No,1,Graduate,No,13262.0,0.0,40.0,360.0,1.0,Urban,Y,13262.0,0.1111111111111111,13150.888888888889
LP002637,Male,No,0,Not Graduate,No,3598.0,1287.0,100.0,360.0,1.0,Rural,N,4885.0,0.2777777777777778,4607.222222222223
LP002640,Male,Yes,1,Graduate,No,6065.0,2004.0,250.0,360.0,1.0,Semiurban,Y,8069.0,0.6944444444444444,7374.555555555556
LP002643,Male,Yes,2,Graduate,No,3283.0,2035.0,148.0,360.0,1.0,Urban,Y,5318.0,0.4111111111111111,4906.888888888889
LP002648,Male,Yes,0,Graduate,No,2130.0,6666.0,70.0,180.0,1.0,Semiurban,N,8796.0,0.3888888888888889,8407.111111111111
LP002652,Male,No,0,Graduate,No,5815.0,3666.0,311.0,360.0,1.0,Rural,N,9481.0,0.8638888888888889,8617.111111111111
LP002659,Male,Yes,3+,Graduate,No,3466.0,3428.0,150.0,360.0,1.0,Rural,Y,6894.0,0.4166666666666667,6477.333333333333
LP002670,Female,Yes,2,Graduate,No,2031.0,1632.0,113.0,480.0,1.0,Semiurban,Y,3663.0,0.23541666666666666,3427.5833333333335
LP002682,Male,Yes,0,Not Graduate,No,3074.0,1800.0,123.0,360.0,0.0,Semiurban,N,4874.0,0.3416666666666667,4532.333333333333
LP002683,Male,No,0,Graduate,No,4683.0,1915.0,185.0,360.0,1.0,Semiurban,N,6598.0,0.5138888888888888,6084.111111111111
LP002684,Female,No,0,Not Graduate,No,3400.0,0.0,95.0,360.0,1.0,Rural,N,3400.0,0.2638888888888889,3136.1111111111113
LP002689,Male,Yes,2,Not Graduate,No,2192.0,1742.0,45.0,360.0,1.0,Semiurban,Y,3934.0,0.125,3809.0
LP002690,Male,No,0,Graduate,No,2500.0,0.0,55.0,360.0,1.0,Semiurban,Y,2500.0,0.1527777777777778,2347.222222222222
LP002692,Male,Yes,3+,Graduate,Yes,5677.0,1424.0,100.0,360.0,1.0,Rural,Y,7101.0,0.2777777777777778,6823.222222222223
LP002693,Male,Yes,2,Graduate,Yes,7948.0,7166.0,480.0,360.0,1.0,Rural,Y,15114.0,1.3333333333333333,13780.666666666666
LP002697,Male,No,0,Graduate,No,4680.0,2087.0,128.0,360.0,1.0,Semiurban,N,6767.0,0.35555555555555557,6411.444444444444
LP002699,Male,Yes,2,Graduate,Yes,17500.0,0.0,400.0,360.0,1.0,Rural,Y,17500.0,1.1111111111111112,16388.88888888889
LP002705,Male,Yes,0,Graduate,No,3775.0,0.0,110.0,360.0,1.0,Semiurban,Y,3775.0,0.3055555555555556,3469.4444444444443
LP002706,Male,Yes,1,Not Graduate,No,5285.0,1430.0,161.0,360.0,0.0,Semiurban,Y,6715.0,0.44722222222222224,6267.777777777777
LP002714,Male,No,1,Not Graduate,No,2679.0,1302.0,94.0,360.0,1.0,Semiurban,Y,3981.0,0.2611111111111111,3719.8888888888887
LP002716,Male,No,0,Not Graduate,No,6783.0,0.0,130.0,360.0,1.0,Semiurban,Y,6783.0,0.3611111111111111,6421.888888888889
LP002717,Male,Yes,0,Graduate,No,1025.0,5500.0,216.0,360.0,1.0,Rural,Y,6525.0,0.6,5925.0
LP002720,Male,Yes,3+,Graduate,No,4281.0,0.0,100.0,360.0,1.0,Urban,Y,4281.0,0.2777777777777778,4003.222222222222
LP002723,Male,No,2,Graduate,No,3588.0,0.0,110.0,360.0,0.0,Rural,N,3588.0,0.3055555555555556,3282.4444444444443
LP002729,Male,No,1,Graduate,No,11250.0,0.0,196.0,360.0,1.0,Semiurban,N,11250.0,0.5444444444444444,10705.555555555555
LP002731,Female,No,0,Not Graduate,Yes,18165.0,0.0,125.0,360.0,1.0,Urban,Y,18165.0,0.3472222222222222,17817.777777777777
LP002732,Male,No,0,Not Graduate,No,2550.0,2042.0,126.0,360.0,1.0,Rural,Y,4592.0,0.35,4242.0
LP002734,Male,Yes,0,Graduate,No,6133.0,3906.0,324.0,360.0,1.0,Urban,Y,10039.0,0.9,9139.0
LP002738,Male,No,2,Graduate,No,3617.0,0.0,107.0,360.0,1.0,Semiurban,Y,3617.0,0.2972222222222222,3319.777777777778
LP002739,Male,Yes,0,Not Graduate,No,2917.0,536.0,66.0,360.0,1.0,Rural,N,3453.0,0.18333333333333332,3269.6666666666665
LP002740,Male,Yes,3+,Graduate,No,6417.0,0.0,157.0,180.0,1.0,Rural,Y,6417.0,0.8722222222222222,5544.777777777777
LP002741,Female,Yes,1,Graduate,No,4608.0,2845.0,140.0,180.0,1.0,Semiurban,Y,7453.0,0.7777777777777778,6675.222222222223
LP002743,Female,No,0,Graduate,No,2138.0,0.0,99.0,360.0,0.0,Semiurban,N,2138.0,0.275,1863.0
LP002753,Female,No,1,Graduate,No,3652.0,0.0,95.0,360.0,1.0,Semiurban,Y,3652.0,0.2638888888888889,3388.1111111111113
LP002755,Male,Yes,1,Not Graduate,No,2239.0,2524.0,128.0,360.0,1.0,Urban,Y,4763.0,0.35555555555555557,4407.444444444444
LP002757,Female,Yes,0,Not Graduate,No,3017.0,663.0,102.0,360.0,1.0,Semiurban,Y,3680.0,0.2833333333333333,3396.6666666666665
LP002767,Male,Yes,0,Graduate,No,2768.0,1950.0,155.0,360.0,1.0,Rural,Y,4718.0,0.4305555555555556,4287.444444444444
LP002768,Male,No,0,Not Graduate,No,3358.0,0.0,80.0,36.0,1.0,Semiurban,N,3358.0,2.2222222222222223,1135.7777777777778
LP002772,Male,No,0,Graduate,No,2526.0,1783.0,145.0,360.0,1.0,Rural,Y,4309.0,0.4027777777777778,3906.222222222222
LP002776,Female,No,0,Graduate,No,5000.0,0.0,103.0,360.0,0.0,Semiurban,N,5000.0,0.2861111111111111,4713.888888888889
LP002777,Male,Yes,0,Graduate,No,2785.0,2016.0,110.0,360.0,1.0,Rural,Y,4801.0,0.3055555555555556,4495.444444444444
LP002778,Male,Yes,2,Graduate,Yes,6633.0,0.0,128.0,360.0,0.0,Rural,N,6633.0,0.35555555555555557,6277.444444444444
LP002784,Male,Yes,1,Not Graduate,No,2492.0,2375.0,128.0,360.0,1.0,Rural,Y,4867.0,0.35555555555555557,4511.444444444444
LP002785,Male,Yes,1,Graduate,No,3333.0,3250.0,158.0,360.0,1.0,Urban,Y,6583.0,0.4388888888888889,6144.111111111111
LP002788,Male,Yes,0,Not Graduate,No,2454.0,2333.0,181.0,360.0,0.0,Urban,N,4787.0,0.5027777777777778,4284.222222222223
LP002789,Male,Yes,0,Graduate,No,3593.0,4266.0,132.0,180.0,0.0,Rural,N,7859.0,0.7333333333333333,7125.666666666667
LP002792,Male,Yes,1,Graduate,No,5468.0,1032.0,26.0,360.0,1.0,Semiurban,Y,6500.0,0.07222222222222222,6427.777777777777
LP002794,Female,No,0,Graduate,No,2667.0,1625.0,84.0,360.0,1.0,Urban,Y,4292.0,0.23333333333333334,4058.6666666666665
LP002795,Male,Yes,3+,Graduate,Yes,10139.0,0.0,260.0,360.0,1.0,Semiurban,Y,10139.0,0.7222222222222222,9416.777777777777
LP002798,Male,Yes,0,Graduate,No,3887.0,2669.0,162.0,360.0,1.0,Semiurban,Y,6556.0,0.45,6106.0
LP002804,Female,Yes,0,Graduate,No,4180.0,2306.0,182.0,360.0,1.0,Semiurban,Y,6486.0,0.5055555555555555,5980.444444444444
LP002807,Male,Yes,2,Not Graduate,No,3675.0,242.0,108.0,360.0,1.0,Semiurban,Y,3917.0,0.3,3617.0
LP002813,Female,Yes,1,Graduate,Yes,19484.0,0.0,600.0,360.0,1.0,Semiurban,Y,19484.0,1.6666666666666667,17817.333333333332
LP002820,Male,Yes,0,Graduate,No,5923.0,2054.0,211.0,360.0,1.0,Rural,Y,7977.0,0.5861111111111111,7390.888888888889
LP002821,Male,No,0,Not Graduate,Yes,5800.0,0.0,132.0,360.0,1.0,Semiurban,Y,5800.0,0.36666666666666664,5433.333333333333
LP002832,Male,Yes,2,Graduate,No,8799.0,0.0,258.0,360.0,0.0,Urban,N,8799.0,0.7166666666666667,8082.333333333333
LP002833,Male,Yes,0,Not Graduate,No,4467.0,0.0,120.0,360.0,1.0,Rural,Y,4467.0,0.3333333333333333,4133.666666666667
LP002836,Male,No,0,Graduate,No,3333.0,0.0,70.0,360.0,1.0,Urban,Y,3333.0,0.19444444444444445,3138.5555555555557
LP002837,Male,Yes,3+,Graduate,No,3400.0,2500.0,123.0,360.0,0.0,Rural,N,5900.0,0.3416666666666667,5558.333333333333
LP002840,Female,No,0,Graduate,No,2378.0,0.0,9.0,360.0,1.0,Urban,N,2378.0,0.025,2353.0
LP002841,Male,Yes,0,Graduate,No,3166.0,2064.0,104.0,360.0,0.0,Urban,N,5230.0,0.28888888888888886,4941.111111111111
LP002842,Male,Yes,1,Graduate,No,3417.0,1750.0,186.0,360.0,1.0,Urban,Y,5167.0,0.5166666666666667,4650.333333333333
LP002847,Male,Yes,0,Graduate,No,5116.0,1451.0,165.0,360.0,0.0,Urban,N,6567.0,0.4583333333333333,6108.666666666667
LP002855,Male,Yes,2,Graduate,No,16666.0,0.0,275.0,360.0,1.0,Urban,Y,16666.0,0.7638888888888888,15902.111111111111
LP002862,Male,Yes,2,Not Graduate,No,6125.0,1625.0,187.0,480.0,1.0,Semiurban,N,7750.0,0.38958333333333334,7360.416666666667
LP002863,Male,Yes,3+,Graduate,No,6406.0,0.0,150.0,360.0,1.0,Semiurban,N,6406.0,0.4166666666666667,5989.333333333333
LP002868,Male,Yes,2,Graduate,No,3159.0,461.0,108.0,84.0,1.0,Urban,Y,3620.0,1.2857142857142858,2334.285714285714
LP002872,Male,Yes,0,Graduate,No,3087.0,2210.0,136.0,360.0,0.0,Semiurban,N,5297.0,0.37777777777777777,4919.222222222223
LP002874,Male,No,0,Graduate,No,3229.0,2739.0,110.0,360.0,1.0,Urban,Y,5968.0,0.3055555555555556,5662.444444444444
LP002877,Male,Yes,1,Graduate,No,1782.0,2232.0,107.0,360.0,1.0,Rural,Y,4014.0,0.2972222222222222,3716.777777777778
LP002888,Male,No,0,Graduate,No,3182.0,2917.0,161.0,360.0,1.0,Urban,Y,6099.0,0.44722222222222224,5651.777777777777
LP002892,Male,Yes,2,Graduate,No,6540.0,0.0,205.0,360.0,1.0,Semiurban,Y,6540.0,0.5694444444444444,5970.555555555556
LP002893,Male,No,0,Graduate,No,1836.0,33837.0,90.0,360.0,1.0,Urban,N,35673.0,0.25,35423.0
LP002894,Female,Yes,0,Graduate,No,3166.0,0.0,36.0,360.0,1.0,Semiurban,Y,3166.0,0.1,3066.0
LP002898,Male,Yes,1,Graduate,No,1880.0,0.0,61.0,360.0,1.0,Rural,N,1880.0,0.16944444444444445,1710.5555555555557
LP002911,Male,Yes,1,Graduate,No,2787.0,1917.0,146.0,360.0,0.0,Rural,N,4704.0,0.40555555555555556,4298.444444444444
LP002912,Male,Yes,1,Graduate,No,4283.0,3000.0,172.0,84.0,1.0,Rural,N,7283.0,2.0476190476190474,5235.380952380952
LP002916,Male,Yes,0,Graduate,No,2297.0,1522.0,104.0,360.0,1.0,Urban,Y,3819.0,0.28888888888888886,3530.1111111111113
LP002917,Female,No,0,Not Graduate,No,2165.0,0.0,70.0,360.0,1.0,Semiurban,Y,2165.0,0.19444444444444445,1970.5555555555557
LP002925,Male,No,0,Graduate,No,4750.0,0.0,94.0,360.0,1.0,Semiurban,Y,4750.0,0.2611111111111111,4488.888888888889
LP002926,Male,Yes,2,Graduate,Yes,2726.0,0.0,106.0,360.0,0.0,Semiurban,N,2726.0,0.29444444444444445,2431.5555555555557
LP002928,Male,Yes,0,Graduate,No,3000.0,3416.0,56.0,180.0,1.0,Semiurban,Y,6416.0,0.3111111111111111,6104.888888888889
LP002931,Male,Yes,2,Graduate,Yes,6000.0,0.0,205.0,240.0,1.0,Semiurban,N,6000.0,0.8541666666666666,5145.833333333333
LP002933,Male,No,3+,Graduate,Yes,9357.0,0.0,292.0,360.0,1.0,Semiurban,Y,9357.0,0.8111111111111111,8545.888888888889
LP002936,Male,Yes,0,Graduate,No,3859.0,3300.0,142.0,180.0,1.0,Rural,Y,7159.0,0.7888888888888889,6370.111111111111
LP002938,Male,Yes,0,Graduate,Yes,16120.0,0.0,260.0,360.0,1.0,Urban,Y,16120.0,0.7222222222222222,15397.777777777777
LP002940,Male,No,0,Not Graduate,No,3833.0,0.0,110.0,360.0,1.0,Rural,Y,3833.0,0.3055555555555556,3527.4444444444443
LP002941,Male,Yes,2,Not Graduate,Yes,6383.0,1000.0,187.0,360.0,1.0,Rural,N,7383.0,0.5194444444444445,6863.555555555556
LP002943,Male,No,0,Graduate,No,2987.0,0.0,88.0,360.0,0.0,Semiurban,N,2987.0,0.24444444444444444,2742.5555555555557
LP002945,Male,Yes,0,Graduate,Yes,9963.0,0.0,180.0,360.0,1.0,Rural,Y,9963.0,0.5,9463.0
LP002948,Male,Yes,2,Graduate,No,5780.0,0.0,192.0,360.0,1.0,Urban,Y,5780.0,0.5333333333333333,5246.666666666667
LP002949,Female,No,3+,Graduate,No,416.0,41667.0,350.0,180.0,1.0,Urban,N,42083.0,1.9444444444444444,40138.555555555555
LP002950,Male,Yes,0,Not Graduate,No,2894.0,2792.0,155.0,360.0,1.0,Rural,Y,5686.0,0.4305555555555556,5255.444444444444
LP002953,Male,Yes,3+,Graduate,No,5703.0,0.0,128.0,360.0,1.0,Urban,Y,5703.0,0.35555555555555557,5347.444444444444
LP002958,Male,No,0,Graduate,No,3676.0,4301.0,172.0,360.0,1.0,Rural,Y,7977.0,0.4777777777777778,7499.222222222223
LP002959,Female,Yes,1,Graduate,No,12000.0,0.0,496.0,360.0,1.0,Semiurban,Y,12000.0,1.3777777777777778,10622.222222222223
LP002960,Male,Yes,0,Not Graduate,No,2400.0,3800.0,128.0,180.0,1.0,Urban,N,6200.0,0.7111111111111111,5488.888888888889
LP002961,Male,Yes,1,Graduate,No,3400.0,2500.0,173.0,360.0,1.0,Semiurban,Y,5900.0,0.48055555555555557,5419.444444444444
LP002964,Male,Yes,2,Not Graduate,No,3987.0,1411.0,157.0,360.0,1.0,Rural,Y,5398.0,0.4361111111111111,4961.888888888889
LP002974,Male,Yes,0,Graduate,No,3232.0,1950.0,108.0,360.0,1.0,Rural,Y,5182.0,0.3,4882.0
LP002978,Female,No,0,Graduate,No,2900.0,0.0,71.0,360.0,1.0,Rural,Y,2900.0,0.19722222222222222,2702.777777777778
LP002979,Male,Yes,3+,Graduate,No,4106.0,0.0,40.0,180.0,1.0,Rural,Y,4106.0,0.2222222222222222,3883.777777777778
LP002983,Male,Yes,1,Graduate,No,8072.0,240.0,253.0,360.0,1.0,Urban,Y,8312.0,0.7027777777777777,7609.222222222223
LP002984,Male,Yes,2,Graduate,No,7583.0,0.0,187.0,360.0,1.0,Urban,Y,7583.0,0.5194444444444445,7063.555555555556
LP002990,Female,No,0,Graduate,Yes,4583.0,0.0,133.0,360.0,0.0,Semiurban,N,4583.0,0.36944444444444446,4213.555555555556
